date,open,high,low,close,volume,trade
01/01/2018,2283.2,2290.9,2272.9,2281.6,3743079100.0,
01/02/2018,2281.6,2291.3,2281.6,2285.3,1084498000.0,
01/03/2018,2291.4,2303.0,2291.4,2301.8,5765724500.0,
01/04/2018,2301.8,2308.7,2290.6,2295.2,5187640800.0,
01/07/2018,2295.2,2298.9,2281.7,2283.2,4850037400.0,
01/08/2018,2283.2,2285.4,2258.6,2261.5,4775563000.0,
01/09/2018,2261.5,2266.0,2255.0,2262.8,4481264500.0,
01/10/2018,2262.8,2269.7,2249.0,2253.5,4393090400.0,
01/11/2018,2253.5,2261.6,2247.0,2260.2,3815139100.0,
01/14/2018,2260.2,2261.6,2239.2,2242.5,3280829700.0,
01/15/2018,2242.5,2247.9,2224.3,2224.9,4061434357.0,
01/16/2018,2224.9,2247.9,2216.4,2247.1,3887031877.0,
01/17/2018,2247.1,2256.1,2236.1,2236.1,3915533357.0,
01/18/2018,2236.1,2249.3,2234.0,2241.1,3589607411.0,
01/21/2018,2241.1,2264.0,2241.1,2260.6,3443501178.0,
01/22/2018,2260.6,2288.5,2260.6,2285.7,5024242868.0,
01/23/2018,2285.7,2304.7,2285.7,2302.4,5627123398.0,
01/24/2018,2302.4,2309.1,2295.0,2304.0,4243227742.0,
01/25/2018,2304.0,2308.0,2293.3,2304.7,4129098906.0,
01/28/2018,2304.7,2306.2,2272.9,2281.1,3592825527.0,
01/29/2018,2281.1,2298.6,2267.7,2294.0,4131607174.0,
01/30/2018,2294.0,2301.2,2263.3,2267.0,3992263143.0,
01/31/2018,2267.0,2270.5,2219.5,2239.0,4722765183.0,
02/01/2018,2239.0,2250.9,2226.3,2227.9,3294595280.0,
02/04/2018,2227.9,2230.0,2187.9,2191.6,3649085210.0,
02/05/2018,2191.6,2200.5,2149.6,2191.3,4404280526.0,
02/06/2018,2191.3,2229.1,2191.3,2216.2,3228449005.0,
02/07/2018,2216.2,2223.7,2198.3,2216.1,3981332513.0,
02/08/2018,2216.1,2232.2,2215.9,2225.5,3006424731.0,
02/11/2018,2225.5,2257.6,2225.5,2255.8,4554518292.0,
02/12/2018,2255.8,2270.8,2242.6,2244.0,4866362231.0,
02/13/2018,2244.0,2256.3,2238.4,2246.0,5036677947.0,
02/14/2018,2246.0,2262.3,2246.0,2250.5,6211983416.0,
02/15/2018,2250.5,2257.2,2229.1,2230.9,5121742700.0,
02/18/2018,2230.9,2234.4,2188.8,2193.5,4402372771.0,
02/19/2018,2193.5,2210.1,2187.9,2188.9,3771665383.0,
02/20/2018,2188.9,2203.3,2172.6,2173.3,3914304089.0,
02/22/2018,2173.3,2199.2,2166.8,2170.3,2896656253.0,
02/25/2018,2170.3,2181.5,2140.3,2142.1,3840421447.0,
02/26/2018,2142.1,2149.3,2121.0,2127.1,3506304157.0,
02/27/2018,2127.1,2146.9,2127.1,2141.2,3219173070.0,
02/28/2018,2141.2,2159.0,2131.4,2146.4,3890548967.0,
03/01/2018,2146.4,2170.8,2146.3,2169.0,4223033517.0,
03/04/2018,2169.0,2188.4,2168.1,2172.4,3634367849.0,
03/05/2018,2172.4,2174.1,2150.3,2152.4,3895345269.0,
03/06/2018,2152.4,2158.4,2146.7,2155.9,4269079734.0,
03/07/2018,2155.9,2162.0,2142.0,2143.6,4057321169.0,
03/08/2018,2143.6,2145.7,2132.4,2143.8,2739144828.0,
03/11/2018,2143.8,2145.1,2123.5,2126.2,2367380881.0,
03/12/2018,2126.2,2128.9,2102.4,2107.4,2982480587.0,
03/13/2018,2107.4,2114.1,2077.2,2085.5,2823192633.0,
03/14/2018,2085.5,2102.4,2079.3,2091.0,2240806887.0,
03/15/2018,2091.0,2125.1,2085.7,2116.1,3385904038.0,
03/18/2018,2116.1,2126.8,2109.9,2118.8,2750036996.0,
03/19/2018,2118.8,2121.5,2099.3,2105.3,5124172832.0,
03/20/2018,2105.3,2109.6,2090.4,2102.4,2417136805.0,
03/21/2018,2102.4,2102.8,2082.9,2085.0,3520814745.0,
03/22/2018,2085.0,2093.9,2062.9,2082.3,3882129370.0,
03/25/2018,2082.3,2097.8,2071.7,2075.4,2245366811.0,
03/27/2018,2075.4,2077.2,2054.7,2056.8,3114467775.0,
03/28/2018,2056.8,2070.8,2053.3,2055.4,2773580402.0,
03/29/2018,2055.4,2109.1,2054.1,2106.0,4703648095.0,
04/01/2018,2106.0,2151.5,2106.0,2150.0,4410085338.0,
04/02/2018,2150.0,2182.0,2144.7,2176.7,5996653042.0,
04/03/2018,2176.7,2188.9,2163.3,2166.0,5552210827.0,
04/04/2018,2166.0,2185.6,2163.4,2167.2,5466892781.0,
04/05/2018,2167.2,2196.4,2165.1,2194.5,5720435795.0,
04/08/2018,2194.5,2211.4,2194.5,2199.0,6220567055.0,
04/09/2018,2199.0,2212.0,2193.5,2207.6,6915238096.0,
04/10/2018,2207.6,2218.1,2195.3,2195.7,7109688179.0,
04/11/2018,2195.7,2208.2,2189.0,2190.9,5291898940.0,
04/12/2018,2190.9,2205.5,2183.4,2186.8,5534258647.0,
04/15/2018,2186.8,2204.1,2173.4,2175.9,4122542361.0,
04/16/2018,2175.9,2181.3,2153.6,2179.1,5156233275.0,
04/17/2018,2179.1,2192.5,2172.4,2176.2,5077610282.0,
04/18/2018,2176.2,2193.5,2170.5,2190.8,5614887176.0,
04/19/2018,2190.8,2210.0,2190.8,2204.2,5774667954.0,
04/22/2018,2204.2,2213.4,2185.1,2187.1,4924118831.0,
04/23/2018,2187.1,2189.7,2176.9,2179.9,4856581278.0,
04/24/2018,2179.9,2186.1,2160.8,2164.7,4953519147.0,
04/25/2018,2164.7,2168.9,2150.9,2166.7,4850717800.0,
04/26/2018,2166.7,2183.6,2166.7,2171.8,5470878928.0,
04/30/2018,2171.8,2173.6,2141.6,2143.5,5927621180.0,
05/03/2018,2143.5,2150.6,2126.2,2128.3,4741751746.0,
05/06/2018,2128.3,2140.2,2117.4,2119.9,5316782306.0,
05/07/2018,2119.9,2127.1,2111.4,2114.1,4902924788.0,
05/08/2018,2114.1,2119.3,2094.3,2095.6,4729772379.0,
05/09/2018,2095.6,2107.5,2083.3,2085.5,5603562524.0,
05/10/2018,2085.5,2086.4,2072.2,2073.5,5624756700.0,
05/13/2018,2073.5,2090.8,2071.8,2075.4,3787939250.0,
05/14/2018,2075.4,2088.4,2071.3,2075.9,3308183022.0,
05/15/2018,2075.9,2084.9,2069.4,2072.1,3552931612.0,
05/16/2018,2072.1,2074.5,2052.3,2055.6,3948638495.0,
05/17/2018,2055.6,2061.2,2022.5,2028.5,4927976000.0,
05/20/2018,2025.4,2032.1,2007.8,2009.0,3956646833.0,
05/21/2018,2009.0,2021.0,1998.1,2007.1,5618097666.0,
05/22/2018,2007.1,2012.5,1988.7,1990.8,4384158861.0,
05/23/2018,1990.8,2002.9,1983.9,1988.4,4886095278.0,
05/24/2018,1988.4,2016.7,1982.6,2014.9,4734440621.0,
05/27/2018,2014.9,2035.6,2014.9,2023.2,4459650613.0,
05/28/2018,2023.2,2039.8,2008.6,2011.4,4316590215.0,
05/29/2018,2011.4,2019.2,2003.1,2006.0,5643533083.0,
05/30/2018,2006.0,2018.4,2000.2,2001.8,4613048305.0,
05/31/2018,2001.8,2008.1,1971.8,1975.0,3618858830.0,
06/03/2018,1975.0,1982.0,1963.9,1965.5,4254989202.0,
06/04/2018,1965.5,1981.7,1961.3,1973.0,4020546878.0,
06/05/2018,1973.0,1983.7,1970.7,1980.4,3822999873.0,
06/06/2018,1980.4,1996.4,1980.4,1993.6,4564297245.0,
06/07/2018,1993.6,2007.9,1976.9,1978.1,4544112870.0,
06/10/2018,1978.1,1980.8,1951.0,1954.1,4077297568.0,
06/11/2018,1954.1,1968.7,1950.2,1953.0,4500070808.0,
06/12/2018,1953.0,1961.7,1953.0,1958.2,4578675040.0,
06/18/2018,1958.2,1964.2,1937.3,1941.9,4859041079.0,
06/19/2018,1941.9,1954.3,1938.3,1942.5,6357891861.0,
06/20/2018,1942.5,1960.3,1942.5,1954.7,6769724756.0,
06/21/2018,1954.7,1987.4,1954.7,1981.8,8587451046.0,
06/24/2018,1981.8,2021.5,1981.8,2010.4,7115469041.0,
06/25/2018,2010.4,2017.1,1974.3,1977.0,6860997981.0,
06/26/2018,1977.0,1985.0,1964.2,1965.7,6394202860.0,
06/27/2018,1965.7,1988.8,1963.1,1968.6,7035198685.0,
06/28/2018,1968.6,1978.3,1953.1,1959.9,8014040146.0,
07/02/2018,1959.9,1961.5,1912.7,1915.8,7847530072.0,
07/03/2018,1915.8,1929.9,1890.9,1894.5,6278873642.0,
07/04/2018,1894.5,1916.1,1894.5,1902.6,7412273623.0,
07/05/2018,1902.6,1931.5,1902.6,1926.5,9028342733.0,
07/08/2018,1926.5,1940.7,1923.8,1929.1,8924951971.0,
07/09/2018,1929.1,1938.1,1908.9,1910.8,9012628255.0,
07/10/2018,1910.8,1922.4,1910.3,1911.9,10881936804.0,
07/11/2018,1911.9,1952.8,1911.7,1915.3,11152979449.0,
07/12/2018,1915.3,1925.2,1906.5,1906.8,8529757628.0,
07/15/2018,1906.8,1914.3,1893.3,1895.2,9553971690.0,
07/16/2018,1895.2,1906.3,1894.3,1897.2,8736853259.0,
07/17/2018,1897.2,1909.7,1891.8,1894.4,7860551529.0,
07/18/2018,1894.4,1901.5,1888.1,1900.0,8635377215.0,
07/19/2018,1900.0,1912.7,1900.0,1904.5,9122307025.0,
07/22/2018,1904.5,1919.8,1904.5,1908.5,10549326035.0,
07/23/2018,1908.5,1922.1,1908.5,1913.1,8731165940.0,
07/24/2018,1913.1,1922.1,1899.6,1902.9,7166152940.0,
07/25/2018,1903.0,1912.8,1893.3,1895.1,15087100.0,
07/26/2018,1895.1,1906.8,1889.0,1890.5,8556257447.0,
07/29/2018,1890.5,1895.1,1878.8,1878.8,5773446995.0,
07/30/2018,1878.8,1887.6,1869.1,1871.7,6145685554.0,
07/31/2018,1871.7,1888.3,1870.3,1881.5,7324706415.0,
08/01/2018,1881.5,1902.0,1881.5,1894.3,7406245302.0,
08/02/2018,1894.3,1904.8,1892.6,1899.2,7640113482.0,
08/05/2018,1899.2,1901.9,1885.5,1887.2,6592230095.0,
08/06/2018,1887.2,1892.9,1876.7,1889.4,6393125203.0,
08/07/2018,1889.4,1905.7,1889.4,1901.8,7105265491.0,
08/08/2018,1901.8,1914.8,1898.5,1905.3,7105265491.0,
08/09/2018,1905.3,1908.3,1891.9,1893.3,7039302957.0,
08/12/2018,1893.3,1900.2,1884.3,1892.7,8183967199.0,
08/13/2018,1892.7,1907.5,1883.1,1884.9,6482283132.0,
08/14/2018,1884.9,1903.7,1884.9,1901.4,5801942545.0,
08/16/2018,1901.4,1923.1,1901.4,1915.3,5807686181.0,
08/19/2018,1915.3,1943.3,1915.3,1938.4,5605704745.0,
08/20/2018,1938.4,1951.9,1927.7,1948.2,4453202512.0,
08/26/2018,1948.2,1965.6,1942.2,1961.8,4202411908.0,
08/27/2018,1961.8,1974.4,1959.4,1964.9,5320007619.0,
08/28/2018,1964.9,1976.4,1964.3,1974.3,6117130349.0,
08/29/2018,1974.3,1981.4,1965.4,1967.8,6333843340.0,
08/30/2018,1967.8,1973.4,1959.9,1960.7,7223701117.0,
09/03/2018,1960.7,1966.8,1957.1,1959.7,7078959136.0,
09/04/2018,1959.7,1966.2,1947.9,1950.3,7169865412.0,
09/05/2018,1950.3,1960.4,1947.2,1955.6,8117533988.0,
09/06/2018,1955.6,1970.1,1955.6,1958.5,8172411028.0,
09/09/2018,1958.5,1961.3,1946.7,1947.4,9009427212.0,
09/10/2018,1947.4,1953.0,1939.1,1941.1,9653563588.0,
09/11/2018,1941.1,1947.6,1935.9,1938.4,7140867011.0,
09/12/2018,1938.4,1944.7,1930.3,1932.0,8610794682.0,
09/13/2018,1932.0,1937.9,1918.2,1919.9,10648492144.0,
09/16/2018,1919.9,1926.3,1910.4,1911.1,8043316367.0,
09/17/2018,1911.1,1912.2,1898.5,1902.4,6969510859.0,
09/18/2018,1902.4,1917.2,1901.6,1905.1,7316893184.0,
09/19/2018,1905.1,1925.7,1905.1,1911.2,8247159836.0,
09/20/2018,1911.2,1922.6,1899.1,1901.0,8261689000.0,
09/23/2018,1901.0,1916.8,1902.4,1897.2,7423913000.0,
09/24/2018,1897.8,1904.4,1880.1,1883.5,5800850000.0,
09/25/2018,1883.5,1895.1,1877.4,1891.7,4879747000.0,
09/26/2018,1891.7,1900.9,1891.7,1897.9,5140052000.0,
09/27/2018,1897.9,1899.7,1880.7,1884.8,5253387000.0,
09/30/2018,1884.8,1891.9,1877.3,1889.7,5164243000.0,
10/01/2018,1889.7,1902.8,1887.6,1888.3,5505203000.0,
10/02/2018,1888.3,1897.5,1888.9,1892.7,4884038000.0,
10/03/2018,1892.7,1906.4,1892.7,1899.5,5636702000.0,
10/04/2018,1899.5,1907.6,1892.9,1898.4,7600229000.0,
10/07/2018,1898.4,1907.7,1894.9,1902.2,8448013000.0,
10/08/2018,1902.2,1916.4,1905.1,1909.7,8014250000.0,
10/09/2018,1909.7,1943.2,1913.9,1928.9,8012177000.0,
10/10/2018,1928.9,1934.8,1921.1,1922.4,8019464000.0,
10/11/2018,1922.4,1942.6,1922.4,1925.8,6449846000.0,
10/14/2018,1925.8,1933.6,1921.3,1922.9,5766242000.0,
10/15/2018,1922.9,1924.0,1898.5,1899.9,4939397000.0,
10/16/2018,1899.9,1905.3,1891.5,1903.2,4925262000.0,
10/17/2018,1903.2,1907.6,1896.2,1897.9,5114437000.0,
10/18/2018,1897.9,1904.6,1893.5,1896.1,4763359000.0,
10/21/2018,1896.1,1904.7,1881.6,1884.3,4395962000.0,
10/22/2018,1884.3,1887.2,1857.5,1859.3,4353250000.0,
10/23/2018,1859.3,1873.1,1852.2,1864.0,3794005000.0,
10/24/2018,1864.0,1878.4,1865.3,1872.0,3680274000.0,
10/25/2018,1872.0,1881.9,1867.6,1876.1,4251060999.0,
10/28/2018,1876.1,1876.1,1850.9,1852.8,3717173000.0,
10/29/2018,1852.8,1862.3,1846.6,1860.3,4428078000.0,
10/30/2018,1860.3,1882.1,1860.3,1876.7,5524970000.0,
10/31/2018,1876.7,1880.8,1868.8,1878.0,5147140000.0,
11/01/2018,1878.0,1880.5,1864.0,1865.4,5299597000.0,
11/04/2018,1865.4,1867.8,1850.7,1852.7,5393250000.0,
11/05/2018,1852.7,1858.6,1847.2,1848.3,5382054000.0,
11/06/2018,1848.3,1851.9,1842.9,1842.9,4400306000.0,
11/07/2018,1842.9,1861.1,1843.7,1853.7,4844878000.0,
11/08/2018,1853.7,1861.9,1850.3,1859.1,5937021000.0,
11/11/2018,1859.1,1873.3,1856.8,1868.3,5274410000.0,
11/12/2018,1868.3,1868.3,1852.9,1855.5,5184280000.0,
11/13/2018,1855.5,1869.1,1855.3,1866.8,5315572000.0,
11/14/2018,1866.8,1861.6,1857.0,1860.3,6316108000.0,
11/15/2018,1860.3,1861.9,1851.9,1856.1,5557549000.0,
11/18/2018,1856.1,1861.4,1848.7,1853.0,5565407000.0,
11/19/2018,1853.0,1862.3,1849.2,1853.1,8030592000.0,
11/20/2018,1853.1,1869.6,1849.8,1868.9,7171537000.0,
11/22/2018,1868.9,1878.2,1867.1,1869.0,5526496000.0,
11/25/2018,1869.0,1868.4,1851.4,1855.4,5694573000.0,
11/26/2018,1855.4,1862.2,1855.2,1857.7,6157467000.0,
11/27/2018,1857.7,1864.4,1858.2,1862.0,6388535000.0,
11/28/2018,1862.0,1868.5,1858.3,1860.6,5942766000.0,
11/29/2018,1860.6,1864.8,1852.2,1861.6,7355530000.0,
12/02/2018,1861.6,1863.1,1847.7,1855.5,5765428000.0,
12/03/2018,1855.5,1865.2,1854.6,1856.0,5498620000.0,
12/04/2018,1856.0,1872.7,1856.0,1870.4,6834856000.0,
12/05/2018,1870.4,1881.3,1870.2,1872.4,6795947000.0,
12/06/2018,1872.4,1869.8,1858.9,1862.5,5140455000.0,
12/09/2018,1862.5,1866.8,1853.8,1855.7,5167905000.0,
12/10/2018,1855.7,1859.8,1844.1,1849.7,5676785000.0,
12/11/2018,1849.7,1855.4,1840.3,1848.7,4834636000.0,
12/12/2018,1848.7,1853.2,1839.7,1842.8,4873939000.0,
12/13/2018,1842.8,1851.9,1842.1,1843.8,4996979000.0,
12/17/2018,1843.8,1851.6,1839.2,1842.2,3145612000.0,
12/18/2018,1842.2,1848.6,1840.8,1843.4,3340942000.0,
12/19/2018,1843.4,1847.3,1835.7,1836.2,3979347000.0,
12/20/2018,1836.2,1844.1,1837.0,1842.1,4628551000.0,
12/23/2018,1842.1,1853.5,1839.5,1850.8,3536397000.0,
12/24/2018,1850.8,1858.0,1848.7,1854.8,3574194000.0,
12/26/2018,1854.8,1868.6,1854.8,1867.7,3882409000.0,
12/27/2018,1867.7,1882.4,1867.7,1880.8,5383420000.0,
01/01/2019,1880.8,1910.6,1894.7,1908.2,5301742000.0,
01/02/2019,1908.2,1916.1,1896.4,1913.0,6964570000.0,
01/03/2019,1913.0,1945.0,1913.0,1942.0,9249092000.0,
01/06/2019,1942.0,1980.0,1935.1,1974.1,10267676000.0,
01/07/2019,1974.1,1983.0,1960.7,1963.9,9655353000.0,
01/08/2019,1963.9,2002.6,1963.9,2001.2,10100325000.0,
01/09/2019,2001.2,2013.7,1999.6,2011.1,10257357000.0,
01/10/2019,2011.1,2021.4,2005.4,2011.7,8975753000.0,
01/13/2019,2011.7,2034.7,2011.7,2030.4,9739435000.0,
01/14/2019,2030.4,2042.3,2023.7,2026.0,11463238000.0,
01/15/2019,2026.0,2033.8,2020.0,2029.1,11393189000.0,
01/16/2019,2029.1,2039.9,2014.7,2017.3,10005255000.0,
01/17/2019,2017.3,2020.6,2005.1,2009.5,10115687000.0,
01/20/2019,2009.5,2032.8,2009.5,2029.9,9689126000.0,
01/21/2019,2029.9,2038.2,2019.7,2021.7,8853415000.0,
01/22/2019,2021.7,2030.5,2018.7,2026.1,8906634000.0,
01/23/2019,2026.1,2050.0,2026.1,2043.0,10452555000.0,
01/24/2019,2043.0,2051.7,2043.0,2049.0,10375711000.0,
01/27/2019,2049.0,2062.0,2040.9,2043.5,11985726000.0,
01/28/2019,2043.5,2057.8,2042.7,2046.8,10095484000.0,
01/29/2019,2046.8,2054.3,2042.3,2046.3,9458599000.0,
01/30/2019,2046.3,2048.5,2030.1,2031.7,10246148000.0,
01/31/2019,2031.7,2035.8,2005.0,2008.0,9927379000.0,
02/03/2019,2008.0,2010.0,1996.5,2003.8,9842120000.0,
02/04/2019,2003.8,2023.2,2003.8,2018.2,8890517000.0,
02/05/2019,2018.2,2024.2,2010.4,2021.2,7066638000.0,
02/06/2019,2021.2,2027.8,2014.4,2022.6,7668484000.0,
02/07/2019,2022.6,2037.4,2022.1,2026.1,7729780000.0,
02/10/2019,2026.1,2038.0,2021.2,2024.7,8127704000.0,
02/11/2019,2024.7,2026.4,2000.5,2003.0,7191317000.0,
02/12/2019,2003.0,2009.1,1992.8,1999.8,9013904000.0,
02/13/2019,1999.8,2005.3,1997.9,2003.3,7126453000.0,
02/14/2019,2003.3,2013.1,1995.8,1999.1,9323708000.0,
02/17/2019,1999.1,2008.8,1995.1,2004.7,7254956000.0,
02/18/2019,2004.7,2004.7,1985.4,1987.4,8916732000.0,
02/19/2019,1987.4,1998.5,1983.0,1995.0,6117646000.0,
02/20/2019,1995.0,2003.6,1992.0,2002.2,6844891000.0,
02/24/2019,2002.2,2002.5,1991.4,1996.8,5807012000.0,
02/25/2019,1996.8,2019.1,1996.8,2016.7,7182465000.0,
02/26/2019,2016.7,2025.2,2011.3,2014.4,6794573000.0,
02/27/2019,2014.4,2015.0,1994.4,1998.7,6892487000.0,
03/03/2019,1998.7,2004.3,1993.6,2002.4,6622732000.0,
03/04/2019,2002.4,2002.6,1985.2,1991.7,6820193000.0,
03/05/2019,1991.7,2002.2,1989.8,1995.9,5751898000.0,
03/06/2019,1995.9,1998.7,1989.2,1993.1,5688727000.0,
03/07/2019,1993.1,1999.8,1985.0,1990.3,4915717000.0,
03/10/2019,1990.3,2004.5,1990.3,2001.3,4621430000.0,
03/11/2019,2001.3,2010.2,1996.9,1998.9,5068442000.0,
03/12/2019,1998.9,2041.5,1998.9,2015.8,6219919000.0,
03/13/2019,2013.8,2016.0,2003.1,2005.5,7081273000.0,
03/14/2019,2005.5,2027.1,2005.5,2023.7,5850051000.0,
03/18/2019,2023.7,2034.8,2010.8,2017.9,4766799000.0,
03/19/2019,2017.9,2023.1,2002.0,2014.7,4378017000.0,
03/20/2019,2014.7,2025.2,2002.6,2005.6,4146959000.0,
03/21/2019,2005.6,2011.6,1993.0,1993.0,3909902000.0,
03/24/2019,1993.0,1993.0,1969.8,1972.3,3543514000.0,
03/25/2019,1972.3,1987.5,1967.1,1980.1,3857766000.0,
03/27/2019,1980.1,1983.6,1966.2,1968.7,3534073000.0,
03/28/2019,1968.7,1975.6,1967.2,1968.7,3525065000.0,
03/31/2019,1968.7,1976.3,1963.8,1967.2,3615371000.0,
04/01/2019,1967.2,1979.7,1967.2,1971.6,4239749000.0,
04/02/2019,1971.6,1988.1,1971.5,1977.5,4125252999.0,
04/03/2019,1977.5,1978.7,1944.5,1947.9,4513665000.0,
04/04/2019,1947.9,1953.9,1937.2,1948.5,3632637000.0,
04/07/2019,1948.5,1957.7,1941.4,1942.8,3305413000.0,
04/08/2019,1942.8,1951.4,1923.2,1924.5,4180049000.0,
04/09/2019,1924.5,1926.5,1897.9,1900.5,3659199000.0,
04/10/2019,1900.5,1908.7,1874.1,1877.9,2748395000.0,
04/11/2019,1877.9,1906.7,1877.9,1903.0,2841870000.0,
04/15/2019,1903.0,1919.8,1897.8,1901.4,2960235000.0,
04/16/2019,1901.4,1904.9,1866.3,1876.8,2699138000.0,
04/17/2019,1876.8,1892.0,1864.2,1880.5,3145498000.0,
04/18/2019,1880.5,1898.2,1875.9,1897.6,3521335000.0,
04/21/2019,1897.6,1904.1,1884.5,1892.9,3518407000.0,
04/23/2019,1892.9,1896.9,1871.1,1872.7,2986293000.0,
04/24/2019,1872.7,1874.6,1857.5,1868.1,3328418000.0,
04/25/2019,1868.1,1874.6,1861.2,1863.9,3829739000.0,
04/28/2019,1863.9,1869.7,1853.8,1855.9,3442586000.0,
04/29/2019,1855.9,1857.2,1830.4,1835.7,2986108000.0,
04/30/2019,1835.7,1855.3,1835.7,1846.7,4151738999.0,
05/02/2019,1846.7,1875.8,1846.7,1870.6,4752996000.0,
05/05/2019,1870.6,1903.5,1870.6,1901.7,5359593000.0,
05/06/2019,1901.7,1907.5,1879.4,1881.2,4673454000.0,
05/07/2019,1881.2,1887.0,1858.9,1861.8,4335058000.0,
05/08/2019,1861.8,1868.8,1852.8,1858.0,3317839000.0,
05/09/2019,1858.0,1866.6,1850.0,1851.3,3762225000.0,
05/12/2019,1851.3,1860.9,1844.6,1846.5,3581621000.0,
05/13/2019,1846.5,1847.9,1834.5,1836.4,3050317000.0,
05/14/2019,1836.4,1843.4,1824.1,1825.5,2513646000.0,
05/15/2019,1825.5,1831.0,1811.7,1812.8,2562776000.0,
05/16/2019,1812.8,1823.3,1811.4,1818.2,2906820000.0,
05/19/2019,1818.2,1851.8,1818.2,1849.9,4435597000.0,
05/20/2019,1849.9,1851.3,1830.3,1833.4,3877302000.0,
05/21/2019,1833.4,1834.0,1817.4,1822.8,3516974000.0,
05/22/2019,1822.8,1832.0,1822.8,1830.3,2905446000.0,
05/23/2019,1830.3,1837.7,1830.3,1832.8,3194882000.0,
05/26/2019,1832.8,1834.1,1821.1,1825.4,3289116000.0,
05/27/2019,1825.4,1831.8,1822.7,1828.3,3514409000.0,
05/28/2019,1828.3,1861.4,1827.9,1861.4,4031337000.0,
05/29/2019,1861.4,1871.0,1857.9,1868.3,3329767000.0,
05/30/2019,1868.3,1878.2,1866.2,1876.6,4250072000.0,
06/09/2019,1876.6,1891.1,1876.6,1889.0,3046699000.0,
06/10/2019,1889.0,1903.4,1889.0,1901.7,4848922000.0,
06/11/2019,1901.7,1922.3,1901.7,1921.8,5786845000.0,
06/12/2019,1921.8,1926.8,1910.7,1917.4,5226393000.0,
06/13/2019,1917.4,1921.1,1913.6,1918.7,5725048000.0,
06/16/2019,1918.7,1930.1,1904.0,1905.1,5343109000.0,
06/17/2019,1905.1,1908.5,1886.7,1889.4,5352784000.0,
06/18/2019,1889.4,1896.6,1881.6,1895.1,5288290000.0,
06/19/2019,1895.1,1903.5,1894.9,1897.8,5540434000.0,
06/20/2019,1897.8,1904.4,1894.0,1894.4,4456707000.0,
06/23/2019,1894.4,1900.5,1889.5,1896.7,3382015000.0,
06/24/2019,1896.7,1897.5,1888.4,1893.8,3781531000.0,
06/25/2019,1893.8,1899.7,1891.9,1896.5,4533810000.0,
06/26/2019,1896.5,1911.9,1896.5,1911.6,4316464000.0,
06/27/2019,1911.6,1927.1,1911.6,1924.9,5173548000.0,
06/30/2019,1911.6,1927.1,1911.6,1924.9,5173548000.0,
07/02/2019,1929.1,1929.5,1905.0,1912.6,4827110000.0,
07/03/2019,1912.6,1917.0,1908.3,1909.7,5074738000.0,
07/04/2019,1909.7,1915.7,1903.6,1910.1,4875336000.0,
07/07/2019,1910.1,1910.1,1889.5,1890.4,4153380000.0,
07/08/2019,1890.4,1891.4,1879.2,1886.2,4246600999.0,
07/09/2019,1886.2,1887.8,1871.7,1875.5,5129124000.0,
07/10/2019,1875.5,1879.0,1857.8,1860.9,4088819000.0,
07/11/2019,1860.9,1869.2,1855.9,1857.7,3510830000.0,
07/14/2019,1857.7,1859.9,1847.6,1853.3,3540475000.0,
07/15/2019,1853.3,1853.3,1816.2,1818.5,3060653000.0,
07/16/2019,1818.5,1832.1,1818.5,1829.5,2717616000.0,
07/17/2019,1829.5,1837.2,1828.3,1830.0,3096018000.0,
07/18/2019,1830.0,1835.2,1826.5,1829.6,3952967000.0,
07/21/2019,1829.6,1836.1,1795.4,1799.4,3686418000.0,
07/22/2019,1799.4,1807.2,1762.7,1776.1,4641852000.0,
07/23/2019,1776.1,1816.2,1775.4,1814.6,3170666000.0,
07/24/2019,1814.6,1820.8,1791.9,1816.7,3805988000.0,
07/25/2019,1816.7,1839.7,1816.7,1836.2,4679301000.0,
07/28/2019,1836.2,1844.7,1830.4,1839.5,4060003000.0,
07/29/2019,1839.5,1848.1,1838.3,1844.3,4377722000.0,
07/30/2019,1844.3,1847.1,1823.9,1826.9,4296929000.0,
07/31/2019,1826.9,1832.5,1821.0,1827.9,4476045000.0,
08/01/2019,1827.9,1842.4,1827.9,1838.5,4811611000.0,
08/04/2019,1838.5,1845.9,1834.8,1836.8,4638567000.0,
08/05/2019,1836.8,1836.8,1821.9,1826.7,4773649000.0,
08/06/2019,1826.7,1843.0,1826.7,1836.5,5687679000.0,
08/07/2019,1836.5,1841.8,1834.7,1837.0,4490451000.0,
08/08/2019,1837.0,1839.9,1831.3,1837.8,4105630000.0,
08/18/2019,1837.8,1845.3,1832.8,1841.8,3237008000.0,
08/19/2019,1841.8,1852.4,1841.8,1847.3,4853627000.0,
08/20/2019,1847.3,1856.0,1843.8,1845.5,4729440000.0,
08/21/2019,1845.5,1848.2,1838.6,1841.7,5425506000.0,
08/22/2019,1841.7,1853.4,1841.7,1850.0,4789085000.0,
08/25/2019,1850.0,1858.3,1840.3,1841.8,4689900000.0,
08/26/2019,1840.0,1840.0,1816.4,1819.7,4471614000.0,
08/27/2019,1819.2,1832.7,1819.2,1829.1,4677557000.0,
08/28/2019,1829.1,1837.8,1816.9,1817.7,7086020.0,
08/29/2019,1817.7,1819.8,1798.3,1800.1,9279700.0,
09/01/2019,1800.0,1806.4,1788.1,1791.4,3324081000.0,
09/02/2019,1792.6,1796.4,1774.2,1775.0,4429043000.0,
09/03/2019,1774.6,1780.5,1756.9,1759.1,3948271000.0,
09/04/2019,1759.1,1765.6,1744.0,1748.4,3755131000.0,
09/05/2019,1750.1,1764.7,1750.1,1758.2,4276581000.0,
09/08/2019,1762.0,1770.4,1759.5,1766.8,3716139000.0,
09/09/2019,1766.9,1771.1,1756.4,1758.1,4070383000.0,
09/11/2019,1758.5,1761.7,1734.2,1736.2,5024275000.0,
09/12/2019,1737.3,1739.0,1723.2,1737.1,4051005000.0,
09/15/2019,1735.3,1740.4,1728.7,1738.9,3170842000.0,
09/16/2019,1739.4,1756.8,1737.4,1755.7,3888058000.0,
09/17/2019,1762.9,1767.5,1750.4,1751.8,4355618000.0,
09/18/2019,1751.6,1762.9,1734.3,1735.9,3715377000.0,
09/19/2019,1749.4,1756.6,1730.1,1735.9,3849627000.0,
09/22/2019,1753.8,1770.3,1744.7,1766.5,3047255000.0,
09/23/2019,1776.2,1800.5,1776.2,1790.0,5173497000.0,
09/24/2019,1792.2,1794.9,1772.4,1774.1,4056353000.0,
09/25/2019,1774.1,1777.6,1756.0,1766.7,3184451000.0,
09/26/2019,1769.6,1776.8,1766.7,1768.9,4117395000.0,
09/29/2019,1770.2,1775.2,1764.0,1768.0,3841203000.0,
09/30/2019,1768.0,1773.6,1758.2,1760.0,5957872000.0,
10/01/2019,1760.0,1763.2,1753.8,1759.8,3042977000.0,
10/02/2019,1759.8,1763.9,1753.2,1758.5,3460346000.0,
10/03/2019,1758.5,1763.1,1751.7,1755.2,6288290.0,
10/06/2019,1755.2,1759.5,1744.3,1747.7,3072201000.0,
10/07/2019,1747.7,1750.5,1731.9,1739.5,3019913000.0,
10/09/2019,1739.5,1743.7,1723.3,1724.9,3209165000.0,
10/10/2019,1724.9,1726.2,1702.3,1704.5,3278176000.0,
10/13/2019,1704.5,1707.6,1688.7,1689.2,2981993000.0,
10/14/2019,1689.2,1691.9,1668.5,1669.9,2998977000.0,
10/15/2019,1669.9,1707.4,1676.7,1704.1,3280550000.0,
10/16/2019,1704.1,1706.0,1681.7,1685.5,3245787000.0,
10/17/2019,1685.5,1682.3,1670.9,1679.0,3131406000.0,
10/20/2019,1679.0,1688.4,1672.9,1686.0,3126348000.0,
10/21/2019,1686.0,1687.5,1671.6,1675.5,3504918000.0,
10/22/2019,1675.5,1679.4,1654.7,1660.9,2883694000.0,
10/23/2019,1660.9,1664.7,1651.5,1659.3,2713683000.0,
10/24/2019,1659.3,1678.5,1657.4,1675.1,3226919000.0,
10/27/2019,1675.1,1681.7,1663.6,1668.4,2570813000.0,
10/28/2019,1668.4,1670.6,1645.7,1648.9,3058956000.0,
10/29/2019,1648.9,1656.3,1630.5,1635.5,3581820000.0,
10/30/2019,1635.5,1643.8,1630.2,1631.5,3472900000.0,
10/31/2019,1631.5,1638.0,1615.7,1627.7,4054319000.0,
11/03/2019,1627.7,1638.9,1629.6,1638.4,3259784000.0,
11/04/2019,1638.4,1640.3,1621.6,1626.6,2690358000.0,
11/05/2019,1626.6,1638.8,1626.1,1637.1,3077645000.0,
11/06/2019,1637.1,1655.6,1639.0,1654.2,3852567000.0,
11/07/2019,1654.2,1662.8,1655.2,1657.9,3670916000.0,
11/11/2019,1657.9,1666.3,1658.0,1664.4,2966343000.0,
11/12/2019,1664.4,1667.4,1659.0,1664.3,3925042000.0,
11/13/2019,1664.3,1666.4,1643.7,1647.1,3899553000.0,
11/14/2019,1647.1,1648.7,1629.1,1638.2,3190957000.0,
11/17/2019,1638.2,1644.7,1636.4,1642.4,3636835000.0,
11/18/2019,1642.4,1654.4,1642.9,1652.2,4096185000.0,
11/19/2019,1652.2,1666.2,1651.7,1661.2,3808337000.0,
11/20/2019,1661.2,1664.1,1643.2,1645.3,4063461000.0,
11/21/2019,1645.3,1656.7,1647.1,1650.6,4210173000.0,
11/24/2019,1650.6,1656.1,1634.8,1638.2,3771985000.0,
11/25/2019,1638.2,1640.6,1630.8,1635.8,4440799000.0,
11/26/2019,1635.8,1640.8,1628.7,1634.8,5603646000.0,
11/27/2019,1634.8,1652.9,1643.5,1646.3,5642217000.0,
11/28/2019,1646.3,1658.0,1643.6,1647.7,4302003000.0,
12/01/2019,1647.7,1651.5,1641.1,1644.8,5216489000.0,
12/02/2019,1644.8,1653.9,1625.4,1629.0,4824783000.0,
12/03/2019,1629.0,1633.7,1614.9,1617.2,4123791000.0,
12/04/2019,1617.2,1628.7,1614.3,1617.6,4620614000.0,
12/05/2019,1617.6,1622.6,1604.3,1605.8,4324194000.0,
12/08/2019,1605.8,1613.6,1580.5,1583.1,3490143000.0,
12/09/2019,1583.1,1594.9,1557.2,1561.5,2752945000.0,
12/10/2019,1561.5,1573.1,1544.5,1548.4,3058717000.0,
12/11/2019,1548.4,1557.8,1545.2,1552.2,2942149000.0,
12/12/2019,1552.2,1555.2,1540.0,1553.8,3495926000.0,
12/15/2019,1548.1,1549.7,1535.9,1538.6,3065404000.0,
12/17/2019,1536.0,1539.1,1505.0,1508.3,2815622000.0,
12/18/2019,1508.3,1510.3,1490.0,1498.7,2543834000.0,
12/19/2019,1498.7,1519.8,1498.7,1516.2,2764366000.0,
12/22/2019,1513.5,1511.0,1497.1,1501.6,2710623000.0,
12/23/2019,1501.6,1505.4,1490.3,1494.5,2634843000.0,
12/24/2019,1494.5,1502.4,1490.2,1496.4,2394533000.0,
12/26/2019,1496.4,1514.8,1498.2,1509.0,3050632000.0,
12/29/2019,1509.0,1517.9,1508.9,1512.3,3007717000.0,
12/30/2019,1512.3,1520.4,1509.1,1513.3,3189957000.0,
01/01/2020,1513.3,1518.3,1501.5,1501.8,2963004000.0,
01/02/2020,1501.8,1513.8,1502.4,1506.1,3868263000.0,
01/05/2020,1506.1,1509.5,1479.7,1480.3,2924683000.0,
01/06/2020,1480.3,1487.6,1446.9,1451.9,3758169000.0,
01/07/2020,1451.9,1458.1,1432.1,1436.3,3274617000.0,
01/08/2020,1436.3,1449.6,1418.6,1421.4,2799629000.0,
01/09/2020,1421.4,1424.6,1403.7,1406.4,3014199000.0,
01/12/2020,1406.4,1426.0,1409.1,1415.7,2608211000.0,
01/13/2020,1415.7,1419.2,1384.4,1387.8,2867760000.0,
01/14/2020,1387.8,1389.3,1352.6,1361.6,2628126000.0,
01/15/2020,1361.6,1388.9,1367.4,1371.2,2428298000.0,
01/16/2020,1371.2,1414.3,1366.5,1406.6,2674914000.0,
01/19/2020,1406.6,1488.8,1429.4,1487.3,4113669000.0,
01/20/2020,1487.3,1522.8,1495.6,1514.9,4947981000.0,
01/21/2020,1514.9,1516.9,1493.2,1509.5,4131977000.0,
01/22/2020,1509.5,1523.1,1503.1,1519.8,4384241000.0,
01/23/2020,1519.8,1548.0,1524.0,1543.4,5143956000.0,
01/26/2020,1543.4,1555.8,1538.0,1545.9,4741465000.0,
01/27/2020,1545.9,1549.2,1530.1,1541.2,4045810000.0,
01/28/2020,1541.2,1546.9,1534.6,1543.7,4674827000.0,
01/29/2020,1543.7,1548.8,1524.6,1526.4,4396192000.0,
01/30/2020,1526.4,1530.6,1517.6,1524.0,4396267000.0,
02/02/2020,1524.0,1532.2,1521.6,1525.0,4646739000.0,
02/03/2020,1525.0,1537.6,1524.7,1536.2,5063509000.0,
02/04/2020,1536.2,1544.8,1525.0,1526.3,4538826000.0,
02/05/2020,1526.3,1526.8,1510.6,1519.2,4206006000.0,
02/06/2020,1519.2,1522.9,1509.7,1513.9,3765551000.0,
02/09/2020,1513.9,1515.4,1487.1,1492.5,3619766000.0,
02/10/2020,1492.5,1504.4,1487.5,1491.6,3408960000.0,
02/11/2020,1491.6,1532.5,1513.5,1517.2,5058554000.0,
02/12/2020,1517.2,1524.5,1512.7,1516.1,6571998000.0,
02/13/2020,1516.1,1542.4,1518.0,1536.6,7305771000.0,
02/16/2020,1536.6,1595.0,1539.0,1592.3,9162586000.0,
02/17/2020,1592.3,1602.6,1583.1,1599.0,9763876000.0,
02/18/2020,1599.0,1617.1,1584.4,1590.9,10213403000.0,
02/19/2020,1590.9,1606.2,1576.1,1599.6,8371528000.0,
02/20/2020,1599.6,1609.5,1587.6,1592.8,7706082000.0,
02/23/2020,1592.8,1610.1,1587.8,1591.8,6684560000.0,
02/24/2020,1591.8,1592.4,1569.4,1571.2,6005620000.0,
02/25/2020,1571.2,1564.7,1546.6,1551.0,6296814000.0,
02/26/2020,1551.0,1554.5,1515.3,1517.7,6273414000.0,
02/27/2020,1517.7,1523.9,1489.2,1492.4,5614154000.0,
03/01/2020,1492.4,1493.7,1458.2,1474.7,4561700000.0,
03/02/2020,1474.7,1486.6,1464.4,1479.7,4197428000.0,
03/03/2020,1479.7,1497.3,1481.9,1485.2,6090674000.0,
03/04/2020,1485.2,1496.7,1467.5,1470.1,5106685000.0,
03/05/2020,1470.1,1474.7,1459.1,1462.2,4151389000.0,
03/08/2020,1462.2,1465.3,1431.7,1435.0,4289279999.0,
03/09/2020,1435.0,1428.0,1343.1,1346.1,4993503000.0,
03/10/2020,1346.1,1393.4,1344.7,1390.2,3283350000.0,
03/11/2020,1390.2,1422.6,1390.2,1413.6,4225116000.0,
03/12/2020,1413.6,1416.6,1372.7,1381.6,4094227000.0,
03/15/2020,1362.7,1362.7,1308.2,1333.3,3736935000.0,
03/16/2020,1333.3,1348.8,1260.3,1265.1,8132790000.0,
03/18/2020,1265.1,1298.8,1211.7,1238.0,8341066349.0,
03/19/2020,1325.8,1326.1,1203.4,1325.8,491215999.0,
03/22/2020,1325.8,1329.6,1320.3,1321.6,1458327000.0,
03/23/2020,1321.6,1325.4,1320.2,1323.8,2543018000.0,
03/24/2020,1323.8,1327.6,1321.5,1323.8,1395420000.0,
03/25/2020,1323.8,1333.1,1323.1,1330.8,3481387000.0,
05/31/2020,1330.8,1367.5,1337.4,1365.4,1432926000.0,
06/01/2020,1365.4,1390.3,1362.3,1362.6,1978952656.0,
06/02/2020,1347.2,1348.1,1328.1,1330.5,1552422000.0,
06/03/2020,1330.5,1334.2,1327.6,1328.5,1526353000.0,
06/04/2020,1328.5,1329.6,1320.4,1321.5,429721000.0,
06/07/2020,1321.5,1329.1,1322.6,1328.0,700203000.0,
06/08/2020,1328.0,1327.7,1323.0,1324.9,1060031999.0,
06/09/2020,1324.9,1329.2,1325.3,1329.2,677164000.0,
06/10/2020,1329.2,1333.9,1328.0,1332.3,594440000.0,
06/11/2020,1332.3,1333.5,1329.4,1331.8,511016000.0,
06/14/2020,1331.8,1333.3,1328.0,1329.0,538857000.0,
06/15/2020,1328.5,1328.5,1323.9,1324.8,615433000.0,
06/16/2020,1324.8,1326.0,1322.5,1325.6,653078000.0,
06/17/2020,1325.6,1326.6,1324.3,1325.7,888568000.0,
06/18/2020,1325.7,1325.7,1324.3,1325.4,696514000.0,
06/21/2020,1325.4,1327.2,1325.2,1326.8,386225000.0,
06/22/2020,1326.8,1327.2,1326.0,1326.7,512655000.0,
06/23/2020,1326.7,1327.5,1325.9,1326.4,719681000.0,
06/24/2020,1326.4,1328.6,1325.1,1327.3,541399000.0,
06/25/2020,1327.3,1329.1,1327.3,1328.1,683573000.0,
06/28/2020,1330.3,1333.4,1328.8,1331.7,25432552000.0,
06/29/2020,1332.9,1336.3,1331.7,1335.5,1547083183.0,
06/30/2020,1335.5,1341.1,1336.7,1340.9,11115263686.0,
07/02/2020,1341.0,1340.5,1335.5,1339.5,811854000.0,
07/05/2020,1339.5,1339.2,1333.8,1336.1,734070000.0,
07/06/2020,1336.1,1345.0,1332.3,1342.7,1500620000.0,
07/07/2020,1342.7,1348.5,1343.7,1346.5,1385655000.0,
07/08/2020,1346.5,1357.7,1346.7,1357.5,2310585000.0,
07/09/2020,1357.5,1370.7,1359.1,1369.4,3474708000.0,
07/12/2020,1369.4,1384.3,1364.9,1383.7,3469651000.0,
07/13/2020,1383.7,1388.8,1370.5,1376.1,3779563000.0,
07/14/2020,1376.1,1379.4,1370.7,1374.0,2893100000.0,
07/15/2020,1374.0,1379.1,1372.8,1375.1,2678372000.0,
07/16/2020,1375.1,1374.7,1365.8,1368.8,2259721000.0,
07/19/2020,1368.8,1364.3,1351.2,1356.6,2344476000.0,
07/20/2020,1356.6,1366.9,1355.0,1364.7,2404753000.0,
07/21/2020,1364.7,1373.2,1363.9,1372.1,2528910000.0,
07/22/2020,1372.1,1375.1,1367.5,1371.9,2474783000.0,
07/23/2020,1371.9,1375.3,1370.3,1374.6,2625154000.0,
07/26/2020,1375.7,1398.1,1375.0,1397.7,3699163375.0,
07/27/2020,1397.7,1403.5,1392.6,1400.9,4371821000.0,
07/28/2020,1400.9,1406.7,1396.7,1402.5,4446038000.0,
07/29/2020,1402.5,1405.1,1394.1,1401.8,3995215000.0,
07/30/2020,1401.8,1424.0,1400.9,1420.6,5809079000.0,
08/03/2020,1420.6,1443.5,1420.6,1442.8,31715800.0,
08/04/2020,1442.8,1456.8,1437.2,1454.9,32325400.0,
08/05/2020,1454.9,1460.2,1448.2,1452.4,30218200.0,
08/06/2020,1452.4,1478.9,1450.8,1475.9,39087100.0,
08/09/2020,1475.9,1545.3,1475.9,1540.3,46452500.0,
08/10/2020,1540.3,1558.2,1532.3,1544.1,62168200.0,
08/12/2020,1544.1,1585.0,1544.1,1581.3,70854200.0,
08/13/2020,1581.5,1610.7,1581.5,1594.3,72596000.0,
08/16/2020,1451.3,1640.1,1640.1,1640.1,43013424706.0,
08/17/2020,1640.1,1616.2,1616.2,1616.2,56079084403.0,
08/18/2020,1618.0,1632.8,1597.6,1605.2,66870300.0,
08/19/2020,1609.0,1659.3,1615.6,1644.4,26463849.0,
08/20/2020,1644.4,1657.4,1630.7,1647.1,9368951000.0,
08/23/2020,1647.1,1674.5,1647.6,1651.0,9379899000.0,
08/24/2020,1651.0,1659.4,1625.5,1645.7,7293693000.0,
08/25/2020,1645.7,1668.9,1643.1,1660.5,7860187000.0,
08/26/2020,1660.5,1684.9,1662.7,1679.1,7837072000.0,
08/27/2020,1679.1,1699.6,1680.0,1690.1,9071363000.0,
08/31/2020,1690.1,1722.4,1698.5,1699.5,11667780000.0,
09/01/2020,1698.5,1714.7,1683.8,1696.4,7774272000.0,
09/02/2020,1700.3,1720.4,1689.7,1714.7,12013521000.0,
09/03/2020,1714.7,1726.6,1712.2,1715.4,10938806000.0,
09/06/2020,1715.4,1725.6,1714.4,1716.8,10259923000.0,
09/07/2020,1716.8,1735.3,1717.7,1723.9,9761280000.0,
09/08/2020,1723.9,1739.5,1726.8,1734.2,11901526000.0,
09/09/2020,1734.2,1738.1,1721.1,1726.9,10779782000.0,
09/10/2020,1726.9,1743.5,1726.5,1740.2,10245478000.0,
09/13/2020,1740.2,1768.3,1745.2,1756.9,13297283000.0,
09/14/2020,1756.9,1767.5,1746.1,1756.0,11489559000.0,
09/15/2020,1756.0,1764.0,1754.2,1761.3,9955959000.0,
09/16/2020,1761.3,1771.2,1757.4,1764.1,11472528000.0,
09/17/2020,1764.1,1773.1,1758.0,1761.6,10137992000.0,
09/20/2020,1761.6,1766.7,1749.3,1752.9,11038803000.0,
09/21/2020,1752.9,1758.9,1724.0,1727.0,9775878000.0,
09/22/2020,1727.0,1731.0,1708.5,1714.3,7299211000.0,
09/23/2020,1714.3,1733.9,1705.2,1708.5,8818142000.0,
09/24/2020,1708.5,1712.9,1695.9,1701.2,8805238000.0,
09/27/2020,1701.2,1709.0,1682.0,1690.8,10344227000.0,
09/28/2020,1690.8,1719.4,1693.7,1712.6,8794958000.0,
09/29/2020,1712.6,1721.7,1703.3,1705.1,8530040999.0,
09/30/2020,1705.1,1709.0,1693.9,1696.0,9143715000.0,
10/01/2020,1696.0,1713.2,1698.8,1710.7,8734940000.0,
10/04/2020,1710.7,1718.6,1699.2,1707.5,8893748000.0,
10/05/2020,1707.5,1709.7,1685.2,1685.2,9653547000.0,
10/06/2020,1685.2,1686.2,1672.5,1678.5,10677216000.0,
10/07/2020,1678.5,1684.4,1675.7,1677.7,8887071000.0,
10/08/2020,1677.7,1682.7,1666.3,1669.4,7938109000.0,
10/11/2020,1669.4,1671.8,1645.3,1647.6,8751065000.0,
10/12/2020,1647.6,1649.0,1627.6,1637.5,6944963000.0,
10/13/2020,1637.5,1659.1,1634.8,1649.2,5898510000.0,
10/14/2020,1649.2,1667.7,1649.4,1656.3,6507175000.0,
10/15/2020,1656.3,1673.7,1656.6,1670.5,5480743000.0,
10/18/2020,1670.5,1692.0,1672.7,1675.6,6573075000.0,
10/19/2020,1675.6,1692.0,1669.9,1690.3,7841453000.0,
10/20/2020,1690.3,1703.8,1690.9,1694.4,9150514000.0,
10/21/2020,1694.4,1700.6,1690.3,1695.1,8552545000.0,
10/22/2020,1695.1,1703.3,1686.1,1692.4,10290334000.0,
10/25/2020,1692.4,1696.5,1680.3,1682.9,8859649000.0,
10/27/2020,1682.9,1694.4,1671.4,1675.4,10009305000.0,
10/28/2020,1675.4,1676.6,1655.0,1665.5,11120302000.0,
10/29/2020,1665.5,1685.5,1663.1,1680.1,9633597000.0,
11/01/2020,1680.1,1704.9,1674.6,1700.0,7853506000.0,
11/02/2020,1700.0,1710.9,1695.0,1699.0,8923492000.0,
11/03/2020,1699.0,1713.0,1699.7,1702.4,7951268000.0,
11/04/2020,1702.4,1710.4,1692.9,1706.4,8207754000.0,
11/05/2020,1706.4,1728.6,1712.5,1725.6,9288511000.0,
11/08/2020,1725.6,1731.9,1717.0,1718.8,10441784000.0,
11/09/2020,1718.8,1727.0,1715.4,1719.9,8813297000.0,
11/10/2020,1719.9,1722.8,1700.4,1703.3,9251139000.0,
11/11/2020,1703.3,1712.9,1698.1,1710.4,9752693000.0,
11/12/2020,1710.4,1713.0,1702.2,1711.6,9880698000.0,
11/15/2020,1711.6,1714.3,1694.8,1696.5,11977209000.0,
11/16/2020,1696.5,1704.7,1691.5,1696.8,7901588000.0,
11/17/2020,1696.8,1706.6,1689.2,1704.0,7909179000.0,
11/18/2020,1704.0,1708.7,1694.3,1699.8,5449932000.0,
11/19/2020,1699.8,1710.9,1693.4,1699.5,5853130000.0,
11/22/2020,1701.3,1703.4,1685.8,1688.3,4955390000.0,
11/23/2020,1687.8,1681.3,1656.8,1669.9,6212854000.0,
11/24/2020,1669.9,1682.4,1670.7,1674.7,6710397000.0,
11/25/2020,1674.7,1684.6,1677.6,1681.9,6027444000.0,
11/26/2020,1681.9,1694.0,1681.9,1689.7,7583328000.0,
11/29/2020,1689.7,1702.7,1689.4,1698.8,7662151000.0,
11/30/2020,1698.8,1700.7,1684.6,1687.4,8042102000.0,
12/01/2020,1687.4,1699.8,1683.3,1695.5,6638473000.0,
12/02/2020,1695.5,1707.9,1694.6,1705.0,8410781999.0,
12/03/2020,1705.0,1727.6,1705.0,1727.1,8226394000.0,
12/06/2020,1727.1,1752.0,1727.1,1748.6,8438002000.0,
12/07/2020,1748.6,1767.1,1748.6,1763.2,8481270000.0,
12/08/2020,1763.2,1767.9,1755.7,1760.2,7195935000.0,
12/09/2020,1760.2,1768.7,1756.2,1767.1,8253112999.0,
12/10/2020,1767.1,1781.0,1767.1,1775.2,9365805000.0,
12/13/2020,1775.2,1800.2,1775.2,1798.7,10033813000.0,
12/14/2020,1798.7,1821.6,1798.0,1813.2,9793379000.0,
12/15/2020,1813.2,1827.2,1802.9,1806.0,9720436000.0,
12/17/2020,1806.0,1808.6,1790.1,1798.6,7050665000.0,
12/20/2020,1798.6,1802.7,1784.2,1794.1,8603262000.0,
12/21/2020,1794.1,1820.4,1794.1,1818.2,11373452000.0,
12/22/2020,1818.2,1822.5,1810.9,1812.5,9755155000.0,
12/23/2020,1812.5,1836.6,1803.1,1836.2,12448781000.0,
12/24/2020,1836.2,1882.4,1836.2,1876.7,14056851000.0,
12/27/2020,1876.7,1908.1,1876.7,1905.4,15293015000.0,
12/28/2020,1915.7,1928.5,1896.3,1924.3,13469882000.0,
12/29/2020,1924.3,1941.2,1921.9,1936.6,13838985000.0,
12/30/2020,1936.6,1974.0,1936.6,1964.0,15432742000.0,
01/03/2021,1964.0,2084.7,1964.0,2079.0,19257733000.0,
01/04/2021,2079.0,2101.7,2042.3,2091.8,21930163000.0,
01/05/2021,2091.8,2155.3,2050.8,2058.9,25468260000.0,
01/06/2021,2058.9,2085.6,2037.7,2072.0,15774641000.0,
01/07/2021,2072.0,2104.1,2040.5,2048.1,17081072000.0,
01/10/2021,2048.1,2080.5,2048.1,2067.2,15056822000.0,
01/11/2021,2067.2,2129.2,2067.2,2124.0,16756158000.0,
01/12/2021,2124.0,2197.4,2124.0,2195.0,19826437000.0,
01/13/2021,2195.0,2195.0,2146.4,2159.9,21084982000.0,
01/14/2021,2159.9,2247.1,2159.9,2236.8,20708548000.0,
01/17/2021,2236.8,2268.3,2201.6,2208.8,23848739000.0,
01/18/2021,2208.8,2219.0,2144.2,2195.0,15195965000.0,
01/19/2021,2195.0,2228.3,2182.3,2203.4,12909018000.0,
01/20/2021,2203.4,2224.3,2196.8,2207.5,14160461000.0,
01/21/2021,2207.5,2224.7,2205.3,2208.4,12134558000.0,
01/24/2021,2208.4,2234.9,2204.1,2210.2,14586265000.0,
01/25/2021,2210.2,2227.8,2182.1,2202.0,15852209000.0,
01/26/2021,2202.0,2202.0,2158.0,2163.0,11254561000.0,
01/27/2021,2163.0,2192.2,2159.0,2178.6,9059038000.0,
01/28/2021,2178.6,2218.5,2178.6,2191.2,9410890000.0,
01/31/2021,2191.2,2210.2,2159.2,2160.4,8231059999.0,
02/01/2021,2160.4,2172.4,2122.9,2125.5,7182224000.0,
02/02/2021,2125.5,2136.0,2105.2,2109.5,7029337000.0,
02/03/2021,2109.5,2141.5,2103.9,2136.5,7946142000.0,
02/04/2021,2136.5,2174.8,2136.5,2173.7,7135479000.0,
02/07/2021,2173.7,2184.5,2085.1,2091.1,7715243000.0,
02/08/2021,2091.1,2101.2,2008.7,2023.5,7898043000.0,
02/09/2021,2023.5,2090.3,2019.9,2086.4,6833029000.0,
02/10/2021,2086.4,2127.7,2086.4,2101.8,7860182000.0,
02/11/2021,2101.8,2135.6,2089.5,2110.7,10554768000.0,
02/14/2021,2110.7,2126.3,2081.0,2100.0,8016606000.0,
02/15/2021,2100.0,2153.1,2100.0,2146.1,10822727000.0,
02/16/2021,2146.1,2179.8,2140.6,2146.2,9957367000.0,
02/17/2021,2146.2,2152.9,2116.6,2120.4,8638669000.0,
02/18/2021,2120.4,2123.5,2103.7,2105.6,6941328000.0,
02/22/2021,2105.6,2113.7,2053.0,2057.4,4670886000.0,
02/23/2021,2057.4,2069.1,2013.4,2017.5,5918114000.0,
02/24/2021,2017.5,2061.4,2017.5,2056.4,5303559000.0,
02/25/2021,2056.4,2080.8,2045.4,2065.8,7460298000.0,
02/28/2021,2065.8,2085.3,2052.8,2056.8,6606427000.0,
03/01/2021,2056.8,2075.7,2044.6,2069.4,6180040000.0,
03/02/2021,2069.4,2110.6,2069.4,2108.2,8339449000.0,
03/03/2021,2108.2,2119.0,2086.6,2092.3,7758417000.0,
03/04/2021,2092.3,2119.7,2092.3,2112.7,7075445000.0,
03/07/2021,2112.7,2159.8,2112.7,2156.1,8767524000.0,
03/08/2021,2156.1,2173.3,2153.9,2168.0,7215107000.0,
03/09/2021,2168.0,2176.6,2157.5,2165.4,10433888000.0,
03/10/2021,2165.4,2171.2,2141.3,2149.9,8797371000.0,
03/11/2021,2149.9,2171.0,2144.3,2154.7,8095019000.0,
03/14/2021,2154.7,2161.5,2124.0,2126.3,6224445000.0,
03/15/2021,2126.3,2137.3,2119.9,2129.2,6230433000.0,
03/16/2021,2129.2,2145.5,2102.8,2111.9,6980086000.0,
03/18/2021,2111.9,2112.9,2063.2,2073.9,6843618000.0,
03/21/2021,2073.9,2073.9,2027.6,2034.6,6159752000.0,
03/22/2021,2034.6,2070.5,2001.8,2066.9,6931705000.0,
03/23/2021,2066.9,2089.1,2061.0,2063.6,6310674000.0,
03/24/2021,2063.6,2063.6,2019.5,2024.7,5803951000.0,
03/25/2021,2024.7,2032.2,2007.2,2020.9,4882349000.0,
03/28/2021,2020.9,2032.3,2013.8,2022.2,3825489000.0,
03/29/2021,2022.2,2052.1,2022.2,2036.6,6346813000.0,
03/31/2021,2036.6,2036.6,1989.6,1994.4,5602517000.0,
04/01/2021,1994.4,1994.4,1958.3,1983.3,4513372000.0,
04/04/2021,1983.3,1941.4,1897.0,1901.1,5211726000.0,
04/05/2021,1901.1,1948.9,1907.3,1944.7,2366074000.0,
04/06/2021,1944.7,1996.8,1947.7,1988.3,5084546000.0,
04/07/2021,1988.3,2023.6,1995.1,2011.2,5825229000.0,
04/08/2021,2011.2,2004.6,1982.1,1990.4,4758779000.0,
04/11/2021,1990.4,1982.5,1943.4,1952.9,4565503000.0,
04/12/2021,1952.9,1982.7,1952.2,1960.8,4565503000.0,
04/13/2021,1960.8,2006.5,1947.6,1997.6,5119364000.0,
04/15/2021,1997.6,2029.2,2002.7,2026.8,5564212000.0,
04/18/2021,2026.8,2043.0,2017.6,2040.3,6027691000.0,
04/19/2021,2040.3,2051.4,2034.9,2046.7,6972968000.0,
04/20/2021,2046.7,2089.1,2041.0,2082.8,12998440000.0,
04/21/2021,2082.8,2104.2,2080.0,2083.5,7766719000.0,
04/22/2021,2083.5,2092.2,2074.2,2087.6,8832928000.0,
04/25/2021,2087.6,2122.2,2087.6,2117.7,11888624000.0,
04/26/2021,2117.7,2137.2,2117.7,2124.0,10405067000.0,
04/27/2021,2125.9,2125.9,2090.9,2092.5,8243669000.0,
04/28/2021,2092.5,2117.1,2084.6,2112.4,9403246000.0,
04/29/2021,2112.4,2129.9,2110.2,2110.9,11728884000.0,
05/02/2021,2110.9,2125.2,2110.9,2123.3,14069643000.0,
05/03/2021,2123.3,2137.3,2110.5,2116.1,11598312000.0,
05/04/2021,2116.1,2128.7,2110.6,2118.7,13561005000.0,
05/05/2021,2118.7,2140.1,2118.7,2132.1,13985111000.0,
05/06/2021,2132.1,2144.4,2129.2,2137.3,14862689000.0,
05/09/2021,2137.3,2168.2,2128.1,2166.0,13520393000.0,
05/11/2021,2166.0,2200.9,2166.0,2194.8,14033507000.0,
05/12/2021,2194.8,2199.8,2176.3,2186.9,14535688000.0,
05/16/2021,2186.9,2196.8,2186.9,2192.7,14183653000.0,
05/17/2021,2192.7,2205.5,2185.9,2199.3,15346224000.0,
05/18/2021,2199.3,2204.3,2186.5,2194.8,17196341000.0,
05/19/2021,2194.8,2212.9,2194.8,2201.0,20990515000.0,
05/20/2021,2201.0,2212.5,2175.5,2178.5,16527892000.0,
05/23/2021,2178.5,2187.3,2159.4,2161.7,14859994000.0,
05/24/2021,2161.7,2177.2,2161.7,2172.9,18200776000.0,
05/25/2021,2172.9,2186.9,2168.4,2170.2,20088250000.0,
05/27/2021,2170.2,2190.7,2170.2,2189.7,23688853000.0,
05/30/2021,2189.7,2213.7,2189.7,2208.3,21492148000.0,
05/31/2021,2208.3,2215.8,2193.6,2205.8,17363381000.0,
06/01/2021,2205.8,2218.4,2190.4,2193.6,19035259000.0,
06/02/2021,2195.3,2198.6,2179.5,2195.3,22873273000.0,
06/03/2021,2195.3,2212.8,2195.3,2203.6,21822508000.0,
06/06/2021,2203.6,2232.1,2200.6,2222.6,26693888000.0,
06/07/2021,2222.6,2238.9,2188.4,2195.1,20832808999.0,
06/08/2021,2195.1,2203.0,2179.2,2196.0,20657562000.0,
06/09/2021,2196.0,2221.4,2196.0,2202.6,27005545000.0,
06/10/2021,2202.6,2219.8,2202.6,2205.1,26692596000.0,
06/13/2021,2205.1,2217.3,2189.2,2192.6,20690756000.0,
06/14/2021,2192.6,2197.6,2171.2,2173.0,17401671000.0,
06/15/2021,2173.0,2184.7,2172.5,2176.9,20325860000.0,
06/16/2021,2176.9,2190.8,2175.0,2183.3,21096872000.0,
06/17/2021,2183.3,2206.6,2183.3,2197.1,18471640000.0,
06/20/2021,2197.1,2209.9,2192.6,2207.3,18352539000.0,
06/21/2021,2207.3,2224.9,2207.3,2220.9,20434830000.0,
06/22/2021,2205.7,2227.3,2203.1,2205.7,20175679000.0,
06/23/2021,2205.7,2211.8,2186.2,2188.8,20300367000.0,
06/24/2021,2188.8,2202.9,2180.0,2199.5,15979503000.0,
06/27/2021,2199.5,2199.5,2164.4,2168.6,17401809000.0,
06/28/2021,2168.6,2183.8,2168.6,2176.6,13284951000.0,
06/29/2021,2176.6,2189.5,2169.5,2185.8,11480889000.0,
06/30/2021,2185.8,2212.4,2184.8,2208.4,14078976000.0,
07/05/2021,2208.4,2227.6,2208.4,2225.1,15514875000.0,
07/06/2021,2225.1,2232.2,2216.1,2229.0,17897443000.0,
07/07/2021,2229.0,2247.6,2227.6,2231.5,15775651000.0,
07/08/2021,2231.5,2251.9,2230.1,2248.2,14919105000.0,
07/12/2021,2248.2,2262.8,2245.3,2259.0,15992194000.0,
07/13/2021,2259.0,2277.1,2259.0,2273.8,16685142000.0,
07/14/2021,2273.8,2284.6,2265.8,2274.7,16488975000.0,
07/15/2021,2274.7,2278.9,2266.8,2274.9,17898564000.0,
07/18/2021,2274.9,2311.4,2274.1,2306.0,17930282000.0,
07/19/2021,2306.0,2323.0,2302.3,2322.4,12644934000.0,
07/25/2021,2322.4,2343.2,2322.4,2341.2,13318963000.0,
07/26/2021,2336.5,2346.3,2318.6,2322.7,14067029000.0,
07/27/2021,2322.7,2324.8,2305.3,2308.7,14628109000.0,
07/28/2021,2308.7,2327.6,2304.9,2323.5,13608976000.0,
07/29/2021,2323.5,2333.4,2319.0,2327.9,15213102000.0,
08/02/2021,2327.9,2349.8,2327.9,2344.1,21878374000.0,
08/03/2021,2344.1,2373.4,2344.1,2366.4,23144925000.0,
08/05/2021,2366.4,2390.2,2364.1,2385.9,25116658000.0,
08/09/2021,2385.9,2394.9,2356.0,2392.6,29120928000.0,
08/10/2021,2392.6,2400.8,2381.6,2384.1,28401187000.0,
08/11/2021,2384.1,2402.8,2357.8,2397.7,22128984000.0,
08/12/2021,2397.7,2431.6,2397.7,2427.6,26617011000.0,
08/16/2021,2427.6,2437.4,2422.6,2427.6,29539269000.0,
08/17/2021,2427.6,2433.0,2419.5,2422.2,26734976000.0,
08/18/2021,2422.2,2443.2,2421.6,2426.8,24655387000.0,
08/19/2021,2426.8,2431.2,2414.9,2423.5,22188894000.0,
08/22/2021,2423.5,2455.9,2423.5,2451.9,27063181000.0,
08/23/2021,2451.9,2466.4,2449.0,2459.9,27748101000.0,
08/24/2021,2459.9,2471.4,2452.6,2463.6,27629000000.0,
08/25/2021,2463.6,2475.1,2457.9,2459.7,25707670000.0,
08/26/2021,2459.7,2466.3,2448.5,2453.4,22276403000.0,
08/29/2021,2453.4,2460.3,2440.2,2443.5,18468907000.0,
08/31/2021,2443.5,2462.7,2443.5,2454.0,22493414000.0,
09/01/2021,2454.0,2481.3,2454.0,2474.7,23663629000.0,
09/02/2021,2474.7,2499.8,2474.7,2496.8,24743004000.0,
09/05/2021,2496.8,2536.4,2496.8,2534.0,28683774000.0,
09/06/2021,2534.0,2550.7,2528.4,2546.6,29015264000.0,
09/07/2021,2546.6,2588.2,2546.6,2583.9,28661698000.0,
09/08/2021,2583.9,2617.7,2583.9,2613.5,25555264000.0,
09/09/2021,2613.5,2653.6,2598.1,2647.1,26965825000.0,
09/12/2021,2647.1,2683.9,2633.5,2638.1,27084041000.0,
09/13/2021,2638.1,2648.7,2617.6,2635.2,20405341000.0,
09/14/2021,2635.2,2653.8,2607.8,2611.7,20974090000.0,
09/15/2021,2611.7,2656.3,2597.6,2649.4,21047291000.0,
09/16/2021,2649.4,2684.5,2649.4,2674.6,21713183000.0,
09/19/2021,2674.6,2684.6,2653.5,2655.8,20337774000.0,
09/20/2021,2655.8,2673.1,2655.5,2661.4,17625645000.0,
09/21/2021,2661.4,2695.3,2661.4,2686.0,19100342000.0,
09/22/2021,2686.0,2702.0,2670.0,2673.2,21506878000.0,
09/23/2021,2673.2,2684.5,2666.1,2673.6,18524290000.0,
09/26/2021,2673.6,2683.0,2661.1,2665.6,22572937000.0,
09/27/2021,2665.6,2685.9,2665.6,2676.2,19808725000.0,
09/28/2021,2676.2,2698.9,2676.2,2691.8,21357344000.0,
09/29/2021,2691.8,2702.2,2688.2,2696.9,22694620000.0,
09/30/2021,2696.9,2716.8,2696.9,2710.5,25023021000.0,
10/03/2021,2710.5,2745.8,2710.5,2741.7,24392493000.0,
10/04/2021,2741.7,2788.1,2741.7,2765.3,27552059000.0,
10/05/2021,2765.3,2781.5,2742.9,2778.1,23520411000.0,
10/06/2021,2778.1,2807.8,2778.1,2787.8,26812644000.0,
10/07/2021,2787.8,2802.0,2752.7,2767.4,24972046000.0,
10/10/2021,2767.4,2782.5,2758.5,2765.8,19628700000.0,
10/11/2021,2765.8,2781.3,2755.0,2757.3,18485754000.0,
10/12/2021,2757.3,2772.8,2747.0,2749.9,18638006000.0,
10/13/2021,2749.9,2756.9,2715.5,2717.6,19529918000.0,
10/14/2021,2717.6,2724.1,2690.9,2719.1,14338776000.0,
10/17/2021,2719.1,2732.6,2697.9,2705.1,16553778000.0,
10/18/2021,2705.1,2714.5,2652.3,2678.6,13938336000.0,
10/19/2021,2678.6,2711.0,2648.3,2656.1,16828510000.0,
10/21/2021,2656.1,2703.1,2632.7,2699.3,13109710000.0,
10/24/2021,2699.3,2755.0,2690.1,2698.3,14710462000.0,
10/25/2021,2698.3,2698.3,2625.9,2644.5,14704319000.0,
10/26/2021,2644.5,2671.2,2615.2,2661.6,13869156000.0,
10/27/2021,2661.6,2668.1,2638.9,2644.3,14972578000.0,
10/28/2021,2644.3,2651.8,2633.9,2638.9,17244811000.0,
10/31/2021,2638.9,2656.9,2616.5,2620.6,16370276000.0,
11/01/2021,2620.6,2632.4,2614.9,2625.7,12753996000.0,
11/02/2021,2625.7,2637.0,2603.9,2605.9,12951155000.0,
11/03/2021,2605.9,2615.5,2581.9,2585.8,11544396000.0,
11/04/2021,2585.8,2612.2,2574.2,2601.3,10684269000.0,
11/07/2021,2601.3,2624.6,2595.1,2599.0,11455551000.0,
11/08/2021,2599.0,2611.4,2574.5,2583.7,10751314000.0,
11/09/2021,2583.7,2620.9,2583.7,2616.0,10077596000.0,
11/10/2021,2616.0,2664.1,2616.0,2660.7,11637881000.0,
11/11/2021,2660.7,2694.9,2660.7,2681.0,15062394000.0,
11/14/2021,2681.0,2703.2,2646.3,2656.0,11113575000.0,
11/15/2021,2656.0,2679.9,2645.9,2659.5,14213482000.0,
11/16/2021,2659.5,2699.4,2659.5,2691.3,14918505000.0,
11/17/2021,2691.3,2701.3,2667.5,2683.3,15070262000.0,
11/18/2021,2683.3,2701.2,2680.3,2694.9,14610362000.0,
11/21/2021,2694.9,2698.9,2674.9,2683.8,17862718000.0,
11/22/2021,2683.8,2689.5,2665.5,2667.0,12260463000.0,
11/23/2021,2667.0,2682.9,2654.3,2660.9,13146040000.0,
11/24/2021,2660.9,2677.6,2630.3,2631.4,11295537000.0,
11/25/2021,2631.4,2632.2,2601.3,2602.9,8497747000.0,
11/28/2021,2602.9,2607.8,2566.8,2576.2,8371003000.0,
11/29/2021,2576.2,2590.4,2557.2,2567.4,7081896000.0,
11/30/2021,2567.4,2586.3,2513.6,2516.3,11468788000.0,
12/01/2021,2516.3,2595.2,2516.3,2589.9,11026129000.0,
12/02/2021,2589.9,2644.0,2546.7,2635.9,12451960000.0,
12/05/2021,2635.9,2651.7,2623.0,2638.3,8949825000.0,
12/06/2021,2638.3,2638.3,2617.7,2634.6,8871367000.0,
12/07/2021,2634.6,2664.2,2634.6,2660.3,13310452000.0,
12/08/2021,2660.3,2660.3,2618.5,2621.0,11523937000.0,
12/09/2021,2621.0,2646.8,2621.0,2632.2,10434565000.0,
12/12/2021,2632.2,2643.5,2597.7,2604.1,11482387000.0,
12/13/2021,2604.1,2608.9,2575.9,2585.3,6966492000.0,
12/14/2021,2585.3,2601.5,2565.3,2568.4,10807997000.0,
12/15/2021,2568.4,2588.0,2555.5,2586.5,8074020000.0,
12/19/2021,2586.5,2590.2,2540.4,2547.7,7862186000.0,
12/20/2021,2547.7,2548.8,2513.6,2528.7,8071689000.0,
12/21/2021,2528.7,2548.0,2528.3,2538.5,6520165000.0,
12/22/2021,2538.5,2550.5,2533.4,2536.5,7674723000.0,
12/23/2021,2536.5,2539.4,2509.2,2512.0,8017849000.0,
12/26/2021,2512.0,2516.9,2475.4,2488.0,8856137000.0,
12/27/2021,2488.0,2511.5,2488.0,2504.1,7451018000.0,
12/28/2021,2504.1,2526.4,2503.0,2523.8,8726047000.0,
12/29/2021,2523.8,2537.6,2519.9,2522.3,7353747000.0,
12/30/2021,2522.3,2536.7,2522.3,2532.6,9218146000.0,
01/02/2022,2532.6,2566.9,2532.6,2560.6,8941784000.0,
01/03/2022,2560.6,2593.6,2560.6,2576.1,13141420000.0,
01/04/2022,2576.1,2576.1,2559.1,2571.2,11821891000.0,
01/05/2022,2571.2,2582.8,2571.2,2575.9,14141643000.0,
01/06/2022,2575.9,2607.4,2575.9,2603.1,16834768000.0,
01/09/2022,2603.1,2622.6,2573.3,2579.1,14610885000.0,
01/10/2022,2579.1,2611.5,2569.5,2606.5,14874544000.0,
01/11/2022,2606.5,2650.0,2606.5,2626.7,19768853000.0,
01/12/2022,2626.7,2640.8,2602.9,2606.8,16641708000.0,
01/13/2022,2606.8,2620.8,2602.0,2616.3,12428411000.0,
01/16/2022,2616.3,2628.1,2594.7,2598.3,15068009000.0,
01/17/2022,2598.3,2615.8,2598.3,2607.8,16867353000.0,
01/18/2022,2607.8,2624.6,2596.1,2599.0,17128797000.0,
01/19/2022,2599.0,2622.8,2597.4,2617.3,17355740000.0,
01/20/2022,2617.3,2640.3,2617.3,2635.4,16012026000.0,
01/23/2022,2635.4,2648.3,2622.9,2629.4,14824500000.0,
01/24/2022,2629.4,2645.4,2610.0,2614.3,12146290000.0,
01/25/2022,2614.3,2632.3,2610.6,2613.3,11174269000.0,
01/26/2022,2613.3,2626.2,2610.2,2612.2,11157807000.0,
01/27/2022,2612.2,2618.5,2600.3,2602.3,12190022000.0,
01/30/2022,2602.3,2613.6,2581.4,2585.2,13331338000.0,
01/31/2022,2585.2,2594.1,2556.8,2559.1,12150120000.0,
02/01/2022,2559.1,2593.0,2559.1,2588.6,13525727000.0,
02/02/2022,2588.6,2610.2,2588.6,2592.8,12668797000.0,
02/03/2022,2592.8,2601.9,2583.5,2592.3,12612732000.0,
02/06/2022,2592.3,2620.5,2592.3,2611.5,13350973000.0,
02/07/2022,2611.5,2628.9,2601.1,2607.7,14277920000.0,
02/08/2022,2607.7,2616.3,2605.3,2610.3,14497581000.0,
02/09/2022,2610.3,2618.4,2598.8,2605.0,11508179000.0,
02/10/2022,2605.0,2606.3,2594.6,2597.5,12543267000.0,
02/13/2022,2597.5,2609.6,2596.0,2605.1,12756430000.0,
02/14/2022,2605.1,2614.8,2592.6,2597.1,12417775000.0,
02/15/2022,2597.1,2599.0,2583.5,2589.3,12310705000.0,
02/16/2022,2589.3,2609.6,2589.3,2598.6,12136445000.0,
02/17/2022,2598.6,2601.2,2568.9,2573.9,10049943000.0,
02/20/2022,2573.9,2574.9,2539.0,2545.6,11409354000.0,
02/22/2022,2545.6,2553.1,2528.7,2536.4,9088248000.0,
02/23/2022,2536.4,2556.1,2536.4,2550.5,8878520000.0,
02/24/2022,2550.5,2556.2,2509.6,2515.0,10502803000.0,
02/27/2022,2515.0,2515.0,2458.5,2467.9,9162867000.0,
02/28/2022,2467.9,2495.5,2467.9,2482.4,7300197000.0,
03/01/2022,2482.4,2508.9,2482.4,2490.0,7989142000.0,
03/02/2022,2490.0,2499.3,2462.6,2470.5,6560615000.0,
03/03/2022,2470.5,2479.3,2447.2,2462.9,6445537000.0,
03/06/2022,2462.9,2465.4,2434.5,2438.9,6515631000.0,
03/07/2022,2438.9,2444.4,2372.1,2374.4,7402638000.0,
03/08/2022,2374.4,2392.3,2317.1,2374.1,7460935000.0,
03/09/2022,2374.1,2421.1,2374.1,2415.6,7730150000.0,
03/10/2022,2415.6,2455.2,2415.6,2425.1,10612066000.0,
03/13/2022,2425.1,2468.8,2425.1,2463.2,9987369000.0,
03/14/2022,2463.2,2469.5,2452.5,2460.5,9865120000.0,
03/15/2022,2460.5,2465.0,2452.8,2459.0,10656341000.0,
03/16/2022,2459.0,2465.8,2456.3,2458.5,8356273000.0,
03/20/2022,2458.5,2462.6,2432.3,2435.0,6161125000.0,
03/21/2022,2435.0,2441.8,2419.3,2436.3,6346843000.0,
03/22/2022,2436.3,2477.6,2436.3,2471.1,9576054000.0,
03/23/2022,2471.1,2488.8,2465.4,2469.4,8632010000.0,
03/24/2022,2469.4,2472.4,2460.1,2466.7,8295950000.0,
03/27/2022,2466.7,2472.0,2459.7,2462.9,8588871000.0,
03/28/2022,2462.9,2476.1,2462.9,2468.1,9245701000.0,
03/29/2022,2468.1,2479.2,2468.1,2471.1,9816165000.0,
03/30/2022,2471.1,2477.1,2463.8,2465.6,8013283000.0,
03/31/2022,2465.6,2474.9,2461.2,2474.0,11169465000.0,
04/03/2022,2474.0,2490.7,2474.0,2488.0,8366286000.0,
04/04/2022,2488.0,2488.0,2465.1,2468.7,6206690000.0,
04/05/2022,2468.7,2468.7,2456.9,2464.6,5758312000.0,
04/06/2022,2464.6,2470.8,2452.0,2459.0,4905023000.0,
04/07/2022,2459.0,2459.0,2436.8,2451.6,5156439000.0,
04/10/2022,2451.6,2470.7,2451.6,2458.5,6435697000.0,
04/11/2022,2458.5,2465.5,2450.9,2451.9,5574625000.0,
04/12/2022,2451.9,2461.8,2426.9,2431.6,5329508000.0,
04/13/2022,2431.6,2444.3,2411.6,2440.5,5296942000.0,
04/17/2022,2440.5,2452.6,2432.4,2435.0,3939792000.0,
04/18/2022,2435.0,2435.0,2404.3,2409.7,3903887000.0,
04/19/2022,2409.7,2444.6,2387.0,2436.1,5998473000.0,
04/20/2022,2436.1,2466.9,2436.1,2463.8,6059716000.0,
04/21/2022,2463.8,2481.1,2463.8,2478.1,7540773000.0,
04/24/2022,2478.1,2502.5,2478.1,2486.1,8958424000.0,
04/25/2022,2486.1,2486.6,2466.4,2476.6,5930163000.0,
04/26/2022,2476.6,2479.5,2463.0,2474.3,7667463000.0,
04/27/2022,2474.3,2482.1,2462.5,2466.2,9324932000.0,
04/28/2022,2466.2,2474.7,2450.3,2460.8,8698147000.0,
05/05/2022,2460.8,2463.3,2445.5,2453.6,4687066000.0,
05/08/2022,2453.6,2457.3,2444.5,2449.3,9725367000.0,
05/09/2022,2449.3,2460.8,2447.5,2449.4,12083187000.0,
05/10/2022,2449.4,2455.2,2429.2,2435.8,12580058000.0,
05/11/2022,2435.8,2441.1,2417.1,2420.6,11357087000.0,
05/12/2022,2420.6,2426.5,2402.9,2406.9,8233611000.0,
05/16/2022,2406.9,2406.9,2358.9,2365.9,10241542000.0,
05/17/2022,2365.9,2386.8,2330.1,2363.7,7797648000.0,
05/18/2022,2363.7,2379.9,2326.4,2336.5,7629356000.0,
05/19/2022,2336.5,2340.5,2301.8,2316.7,6688812000.0,
05/22/2022,2316.7,2329.9,2272.9,2277.2,6822140000.0,
05/23/2022,2277.2,2329.5,2295.8,2309.8,6589369000.0,
05/24/2022,2309.8,2322.4,2287.0,2295.1,6608422000.0,
05/25/2022,2295.1,2295.1,2263.7,2288.0,5131172000.0,
05/26/2022,2288.0,2314.0,2279.0,2307.4,5391257000.0,
05/29/2022,2307.4,2350.3,2314.6,2346.9,8336186000.0,
05/30/2022,2346.9,2365.6,2339.8,2350.8,8364017000.0,
05/31/2022,2350.8,2360.4,2341.7,2350.3,6378768000.0,
06/01/2022,2350.3,2361.6,2348.3,2355.9,7431205000.0,
06/02/2022,2355.9,2374.8,2351.5,2355.7,8751071000.0,
06/05/2022,2355.7,2380.0,2356.9,2373.8,9501044000.0,
06/06/2022,2373.8,2380.7,2358.3,2361.3,9740720000.0,
06/07/2022,2361.3,2365.3,2347.6,2350.8,7398138000.0,
06/08/2022,2350.8,2363.1,2349.6,2353.6,9196574000.0,
06/09/2022,2353.6,2365.8,2349.6,2352.4,7582662000.0,
06/12/2022,2352.4,2353.3,2329.6,2334.6,6364070000.0,
06/13/2022,2334.6,2337.1,2316.8,2317.0,7981972000.0,
06/14/2022,2317.0,2325.5,2299.6,2300.9,8749198000.0,
06/15/2022,2300.9,2318.9,2300.9,2301.9,9438897000.0,
06/16/2022,2301.9,2330.6,2303.6,2327.9,10466322000.0,
06/19/2022,2327.9,2341.8,2322.8,2330.0,8957840000.0,
06/20/2022,2330.0,2335.1,2308.9,2314.6,8223942000.0,
06/21/2022,2314.6,2316.4,2294.1,2295.4,7258836000.0,
06/22/2022,2295.4,2300.5,2285.5,2294.0,6943728000.0,
06/23/2022,2294.0,2311.9,2292.2,2298.6,6837437000.0,
06/26/2022,2298.6,2305.8,2284.9,2286.6,5943793000.0,
06/27/2022,2286.6,2291.8,2281.1,2285.2,7007627000.0,
06/28/2022,2285.2,2299.2,2285.7,2294.6,8188264000.0,
06/29/2022,2294.6,2303.6,2292.6,2295.2,8056987000.0,
06/30/2022,2295.2,2298.7,2286.9,2295.6,9377475000.0,
07/03/2022,2295.6,2293.6,2280.3,2291.2,6548339000.0,
07/04/2022,2291.2,2292.0,2281.7,2284.0,6626134000.0,
07/05/2022,2284.0,2311.7,2286.3,2301.9,9607961000.0,
07/06/2022,2301.9,2316.3,2298.9,2299.9,7469546000.0,
07/07/2022,2299.9,2305.0,2291.6,2293.8,7886612000.0,
07/12/2022,2293.8,2300.3,2282.2,2284.1,6794935000.0,
07/13/2022,2284.1,2288.4,2269.8,2273.0,7023113000.0,
07/14/2022,2273.0,2281.8,2262.6,2273.9,5806394000.0,
07/17/2022,2273.9,2282.8,2266.9,2267.6,5934981000.0,
07/18/2022,2267.6,2270.4,2232.6,2235.8,5152976000.0,
07/19/2022,2235.8,2224.7,2199.8,2213.2,3193502000.0,
07/20/2022,2213.2,2220.9,2193.2,2206.1,6655825000.0,
07/21/2022,2206.1,2232.0,2199.2,2200.8,6769341000.0,
07/24/2022,2200.8,2203.1,2167.0,2168.2,4709771000.0,
07/25/2022,2168.2,2184.2,2143.4,2177.2,6399594000.0,
07/26/2022,2177.2,2212.7,2185.6,2190.0,8380517000.0,
07/27/2022,2190.0,2191.5,2162.5,2162.9,7784318000.0,
07/28/2022,2162.9,2158.5,2134.0,2145.3,4417782000.0,
07/31/2022,2145.3,2197.8,2162.2,2193.6,5679594000.0,
08/01/2022,2193.6,2212.2,2199.8,2204.2,9217344000.0,
08/02/2022,2204.2,2239.4,2203.1,2234.2,11832748000.0,
08/03/2022,2234.2,2269.1,2246.4,2258.8,11954137000.0,
08/04/2022,2258.8,2268.3,2250.1,2265.2,11902605000.0,
08/07/2022,2265.2,2273.6,2245.9,2259.6,11173383000.0,
08/08/2022,2259.6,2267.4,2233.0,2237.6,10834607000.0,
08/10/2022,2237.6,2239.0,2205.8,2211.0,7994837000.0,
08/11/2022,2211.0,2208.9,2190.8,2194.4,5837698000.0,
08/14/2022,2194.4,2207.3,2195.0,2199.3,6444531000.0,
08/16/2022,2199.3,2217.1,2201.2,2213.0,10346508000.0,
08/17/2022,2213.0,2228.7,2214.2,2220.0,11596045000.0,
08/21/2022,2220.0,2229.1,2218.5,2226.2,10577602000.0,
08/22/2022,2226.2,2248.2,2227.2,2247.3,14775633000.0,
08/23/2022,2247.3,2277.0,2250.8,2265.4,14874418000.0,
08/24/2022,2265.4,2269.4,2240.5,2243.7,11337162000.0,
08/25/2022,2243.7,2269.4,2245.0,2267.4,17774527000.0,
08/28/2022,2267.4,2291.2,2269.2,2271.0,21051415000.0,
08/29/2022,2271.0,2288.0,2267.8,2275.4,17448790000.0,
08/30/2022,2275.4,2287.8,2272.9,2279.3,17693058000.0,
08/31/2022,2279.3,2294.2,2279.8,2283.1,20056924000.0,
09/01/2022,2283.1,2310.9,2287.6,2305.7,18895204000.0,
09/04/2022,2305.7,2339.7,2297.7,2303.6,22963902000.0,
09/05/2022,2303.6,2312.8,2280.1,2285.8,14006645000.0,
09/06/2022,2285.8,2310.0,2288.6,2306.5,13150492000.0,
09/07/2022,2306.5,2356.0,2329.2,2353.6,22013538000.0,
09/08/2022,2353.6,2381.5,2354.7,2376.2,18777683000.0,
09/11/2022,2376.2,2396.5,2364.9,2373.3,16915605000.0,
09/12/2022,2373.3,2375.3,2349.6,2356.6,13607406000.0,
09/13/2022,2356.6,2372.8,2351.7,2353.5,14800750000.0,
09/14/2022,2353.5,2364.6,2326.5,2333.2,13077814000.0,
09/15/2022,2333.2,2350.2,2326.4,2346.4,12427725000.0,
09/18/2022,2346.4,2373.1,2356.5,2363.5,18139263000.0,
09/19/2022,2363.5,2409.5,2372.5,2406.1,19898300000.0,
09/20/2022,2406.1,2439.0,2395.3,2401.8,28323074000.0,
09/21/2022,2401.8,2409.9,2368.8,2374.8,18081912000.0,
09/22/2022,2374.8,2386.4,2359.7,2365.7,16661360000.0,
09/25/2022,2365.7,2374.3,2324.7,2329.9,18105246000.0,
09/26/2022,2329.9,2347.2,2324.9,2331.9,13001760000.0,
09/27/2022,2331.9,2343.8,2313.5,2316.4,14940692000.0,
09/28/2022,2316.4,2329.8,2314.3,2323.1,14844530000.0,
09/29/2022,2323.1,2335.2,2321.9,2330.4,12169539000.0,
10/02/2022,2330.4,2348.7,2330.4,2333.8,15334081000.0,
10/03/2022,2333.8,2344.3,2324.3,2326.2,12847372000.0,
10/04/2022,2326.2,2349.1,2326.2,2343.0,12901950000.0,
10/06/2022,2343.0,2366.9,2343.0,2361.6,11698377000.0,
10/10/2022,2361.6,2372.6,2307.1,2314.1,14175267000.0,
10/11/2022,2314.1,2329.3,2304.6,2310.0,10102624000.0,
10/12/2022,2310.0,2320.0,2307.2,2316.1,9941162000.0,
10/13/2022,2316.1,2321.8,2304.5,2308.1,14109152000.0,
10/16/2022,2308.1,2322.3,2293.5,2298.8,13431204000.0,
10/17/2022,2298.8,2305.8,2272.0,2277.3,12978195000.0,
10/18/2022,2277.3,2285.3,2259.7,2277.4,10059543000.0,
10/19/2022,2277.4,2299.5,2269.7,2271.0,11787102000.0,
10/20/2022,2271.0,2280.9,2260.3,2277.7,9756287000.0,
10/23/2022,2277.7,2291.4,2259.3,2262.3,7884578000.0,
10/24/2022,2262.3,2262.3,2236.0,2245.4,3347673000.0,
10/25/2022,2245.4,2262.9,2240.8,2243.7,6235054000.0,
10/26/2022,2243.7,2254.0,2236.7,2249.2,7418036000.0,
10/27/2022,2249.2,2269.0,2249.2,2265.8,10949650000.0,
10/30/2022,2265.8,2265.8,2238.7,2245.3,8265991000.0,
10/31/2022,2245.3,2250.5,2225.5,2226.7,7692555000.0,
11/01/2022,2226.7,2237.3,2225.0,2235.8,9028311000.0,
11/02/2022,2235.8,2253.4,2235.8,2244.2,14615759000.0,
11/03/2022,2244.2,2259.3,2238.7,2253.0,15124409000.0,
11/06/2022,2253.0,2265.9,2253.0,2258.8,12753112000.0,
11/07/2022,2258.8,2258.8,2244.0,2246.0,12356546000.0,
11/08/2022,2246.0,2252.0,2239.7,2242.7,14945489000.0,
11/09/2022,2242.7,2246.6,2228.8,2231.3,10188532000.0,
11/10/2022,2231.3,2243.7,2231.3,2236.0,7979397000.0,
11/13/2022,2236.0,2246.2,2212.5,2213.5,7241564000.0,
11/14/2022,2213.5,2213.5,2196.0,2198.6,7142861000.0,
11/15/2022,2198.6,2198.6,2180.1,2183.0,5609231000.0,
11/16/2022,2183.0,2193.2,2176.7,2191.7,4685156000.0,
11/17/2022,2191.7,2200.8,2190.6,2199.9,5521372000.0,
11/20/2022,2199.9,2203.3,2179.9,2180.4,4228893000.0,
11/21/2022,2180.4,2181.4,2173.8,2177.4,3519023000.0,
11/22/2022,2177.4,2191.4,2177.4,2190.2,4286821000.0,
11/23/2022,2190.2,2192.3,2181.3,2183.2,5406819000.0,
11/24/2022,2183.2,2192.7,2179.8,2189.7,3238028000.0,
11/27/2022,2189.7,2203.2,2179.2,2202.4,3397370000.0,
11/28/2022,2202.4,2204.7,2189.0,2191.6,4167525000.0,
11/29/2022,2191.6,2203.2,2181.5,2200.7,3340374000.0,
11/30/2022,2200.7,2215.5,2197.3,2214.3,4493670000.0,
12/01/2022,2214.3,2219.0,2206.1,2216.1,4847512000.0,
12/04/2022,2216.1,2218.6,2206.9,2207.0,3135602000.0,
12/05/2022,2207.0,2210.0,2195.5,2198.6,3448627000.0,
12/06/2022,2198.6,2207.8,2196.7,2205.6,2719644000.0,
12/07/2022,2205.6,2208.7,2201.3,2207.2,3113270000.0,
12/08/2022,2207.2,2208.2,2199.4,2203.6,2957441000.0,
12/11/2022,2203.6,2210.9,2203.6,2205.4,4148452000.0,
12/12/2022,2205.4,2215.8,2202.5,2213.4,5688994000.0,
12/13/2022,2213.4,2218.5,2211.9,2212.6,6164181000.0,
12/14/2022,2212.6,2217.5,2208.0,2209.0,4302097000.0,
12/15/2022,2209.0,2213.8,2207.0,2208.5,4252714000.0,
12/18/2022,2208.5,2209.4,2203.3,2204.1,3404836000.0,
12/19/2022,2204.1,2208.9,2201.2,2201.8,4568177000.0,
12/20/2022,2201.8,2205.4,2197.0,2199.5,3224117000.0,
12/21/2022,2199.5,2205.1,2190.7,2193.0,3335898000.0,
12/22/2022,2193.0,2201.4,2188.6,2194.5,2277478000.0,
12/26/2022,2194.5,2196.9,2189.8,2191.0,1988073000.0,
12/27/2022,2191.0,2195.6,2186.7,2191.4,2695868000.0,
12/28/2022,2191.4,2195.7,2188.8,2194.2,2582279000.0,
12/29/2022,2194.2,2197.0,2193.8,2195.3,3454217000.0,
01/01/2023,2195.3,2205.1,2192.7,2193.6,1784259000.0,
01/02/2023,2193.6,2196.0,2191.0,2191.4,1465109000.0,
01/03/2023,2191.4,2194.3,2188.6,2192.2,1989032000.0,
01/04/2023,2192.2,2197.7,2192.2,2196.9,2911130000.0,
01/05/2023,2196.9,2197.8,2191.0,2193.4,3180154000.0,
01/08/2023,2193.4,2194.6,2189.5,2191.5,2842003000.0,
01/09/2023,2191.5,2195.4,2188.6,2191.8,3346960000.0,
01/10/2023,2191.8,2199.5,2191.2,2197.6,4625213000.0,
01/11/2023,2197.6,2199.8,2195.7,2198.8,5324162000.0,
01/12/2023,2198.8,2201.2,2195.7,2199.0,5075720000.0,
01/15/2023,2199.0,2209.8,2199.6,2208.1,7112977000.0,
01/16/2023,2208.1,2212.8,2199.0,2201.3,7137692000.0,
01/17/2023,2201.3,2217.5,2201.5,2215.3,9004821000.0,
01/18/2023,2215.3,2221.1,2206.6,2210.4,9342925000.0,
01/19/2023,2210.4,2212.5,2202.7,2208.6,5906796000.0,
01/22/2023,2208.6,2213.7,2200.7,2204.3,6927557000.0,
01/23/2023,2204.3,2216.2,2200.8,2211.7,5096282000.0,
01/24/2023,2211.7,2228.9,2212.4,2227.0,6076752000.0,
01/25/2023,2227.0,2240.6,2226.8,2228.7,7346009000.0,
01/26/2023,2228.7,2232.2,2222.1,2230.7,5055348000.0,
01/29/2023,2230.7,2234.2,2227.7,2231.3,4891737000.0,
01/30/2023,2231.3,2235.0,2223.0,2225.8,5094825000.0,
01/31/2023,2225.8,2231.7,2216.6,2219.6,5730952000.0,
02/01/2023,2219.6,2225.9,2220.5,2224.0,5806775000.0,
02/02/2023,2224.0,2232.2,2225.1,2230.7,6871222000.0,
02/05/2023,2230.7,2236.3,2225.1,2226.3,7527476000.0,
02/06/2023,2226.3,2230.3,2221.6,2228.8,5808191000.0,
02/07/2023,2228.8,2237.1,2227.2,2234.7,5531995000.0,
02/08/2023,2234.7,2243.2,2234.3,2241.6,7484544000.0,
02/09/2023,2241.6,2244.4,2234.0,2235.4,6084473000.0,
02/12/2023,2235.4,2237.3,2221.7,2225.3,4708480000.0,
02/13/2023,2225.3,2233.1,2220.9,2232.1,4354190000.0,
02/14/2023,2232.1,2234.5,2224.7,2226.7,4331039000.0,
02/15/2023,2226.7,2227.8,2218.4,2222.0,4314958000.0,
02/16/2023,2222.0,2225.3,2219.6,2224.2,3403301000.0,
02/19/2023,2224.2,2226.3,2217.9,2221.5,2851576000.0,
02/20/2023,2221.5,2224.1,2216.8,2221.8,3267262000.0,
02/22/2023,2221.8,2224.7,2219.7,2221.7,2576340000.0,
02/23/2023,2221.7,2222.2,2217.4,2221.3,2229942000.0,
02/26/2023,2221.3,2223.7,2211.5,2214.7,2314172000.0,
02/27/2023,2214.7,2219.0,2210.7,2218.8,2617313000.0,
02/28/2023,2218.8,2222.2,2218.3,2221.0,4206637000.0,
03/01/2023,2221.0,2223.4,2216.6,2218.3,4524020000.0,
03/02/2023,2218.3,2221.2,2211.3,2216.3,4277200000.0,
03/05/2023,2216.3,2227.5,2218.2,2225.8,6623651000.0,
03/06/2023,2225.8,2232.5,2220.0,2226.0,7273892000.0,
03/07/2023,2226.0,2227.2,2219.6,2225.9,6495425000.0,
03/09/2023,2225.9,2231.6,2224.8,2227.0,5456823000.0,
03/12/2023,2227.0,2228.8,2219.2,2221.5,4335839000.0,
03/13/2023,2221.5,2224.7,2220.1,2223.5,4513244000.0,
03/14/2023,2223.5,2226.5,2216.1,2217.7,5617104000.0,
03/15/2023,2217.7,2221.9,2212.1,2215.2,6071645000.0,
03/16/2023,2215.2,2220.4,2212.4,2218.8,4836281000.0,
03/19/2023,2218.8,2223.3,2214.9,2217.8,4522910000.0,
03/20/2023,2217.8,2220.2,2212.6,2215.8,3446642000.0,
03/21/2023,2215.8,2222.3,2215.2,2220.6,3496162000.0,
03/22/2023,2220.6,2224.2,2213.5,2215.4,3284863000.0,
03/23/2023,2215.4,2218.4,2213.7,2218.0,2869757000.0,
03/27/2023,2218.0,2222.2,2211.3,2215.4,3176040000.0,
03/28/2023,2215.4,2216.7,2208.7,2210.7,2720551000.0,
03/29/2023,2210.7,2213.5,2205.6,2207.0,3826820000.0,
03/30/2023,2207.0,2212.3,2206.6,2209.4,6668348000.0,
04/02/2023,2209.4,2213.1,2208.4,2209.8,5318387000.0,
04/03/2023,2209.8,2215.8,2207.2,2207.8,5758002000.0,
04/04/2023,2207.8,2212.2,2202.3,2203.1,6460045000.0,
04/05/2023,2203.1,2203.9,2200.1,2202.0,5273696000.0,
04/06/2023,2202.0,2204.0,2197.9,2198.9,6123190000.0,
04/09/2023,2198.9,2200.5,2198.0,2200.2,4988163000.0,
04/10/2023,2200.2,2200.3,2196.7,2197.1,4694989000.0,
04/11/2023,2197.1,2200.5,2194.5,2198.7,4425354000.0,
04/12/2023,2198.7,2201.2,2197.4,2199.1,4110850000.0,
04/13/2023,2199.1,2202.8,2199.6,2201.9,4141321000.0,
04/16/2023,2201.9,2203.4,2199.2,2199.7,4696950000.0,
04/17/2023,2199.7,2203.4,2198.7,2202.1,4435818000.0,
04/18/2023,2202.1,2205.2,2202.2,2202.8,5569416000.0,
04/24/2023,2202.8,2213.5,2203.3,2213.0,5525214000.0,
04/25/2023,2213.0,2215.7,2212.0,2212.9,7131561000.0,
04/26/2023,2212.9,2215.2,2210.8,2213.2,7653389000.0,
04/27/2023,2213.2,2213.9,2208.0,2208.6,9676915000.0,
04/30/2023,2208.6,2210.2,2202.3,2202.4,6931533000.0,
05/02/2023,2202.4,2207.1,2198.4,2206.1,8516935000.0,
05/03/2023,2206.1,2210.1,2203.7,2204.7,8635070000.0,
05/07/2023,2204.7,2208.9,2202.6,2203.9,8462138000.0,
05/08/2023,2203.9,2205.9,2195.6,2196.4,7595170000.0,
05/09/2023,2196.4,2204.1,2200.1,2200.4,8312792000.0,
05/10/2023,2200.4,2201.9,2196.7,2198.4,7217811000.0,
05/11/2023,2198.4,2200.3,2193.6,2194.4,7985541000.0,
05/14/2023,2194.4,2196.4,2189.3,2190.2,6364946000.0,
05/15/2023,2190.2,2191.4,2184.7,2185.8,6539960000.0,
05/16/2023,2185.8,2193.9,2187.5,2193.4,7442953000.0,
05/17/2023,2193.4,2196.7,2192.7,2193.3,7119859000.0,
05/18/2023,2193.3,2196.4,2193.4,2195.3,9329107000.0,
05/21/2023,2195.3,2197.0,2190.0,2190.9,8117424000.0,
05/22/2023,2190.9,2191.7,2186.2,2190.6,7074007000.0,
05/23/2023,2190.6,2196.2,2191.7,2195.8,9202196000.0,
05/24/2023,2195.8,2200.1,2193.5,2195.1,11099379000.0,
05/25/2023,2195.1,2200.4,2195.8,2198.5,10365656000.0,
05/28/2023,2198.5,2203.2,2198.2,2199.7,11744310000.0,
05/29/2023,2199.7,2202.3,2197.3,2198.6,11745610000.0,
05/30/2023,2198.6,2203.5,2198.0,2202.7,9760126000.0,
05/31/2023,2202.7,2206.2,2196.9,2198.0,11986518000.0,
06/01/2023,2198.0,2203.3,2198.1,2201.3,9975919000.0,
06/04/2023,2201.3,2203.7,2197.3,2199.1,12544095000.0,
06/05/2023,2199.1,2203.6,2197.2,2198.2,12566375000.0,
06/06/2023,2198.2,2200.6,2187.2,2188.7,10868869000.0,
06/07/2023,2188.7,2194.4,2188.3,2189.2,7826980000.0,
06/08/2023,2189.2,2193.3,2188.7,2192.9,10637775000.0,
06/11/2023,2192.9,2196.5,2189.9,2191.0,10305231000.0,
06/12/2023,2191.0,2195.2,2184.6,2185.4,9809483000.0,
06/13/2023,2185.4,2189.3,2184.6,2185.5,6691452000.0,
06/14/2023,2185.5,2189.7,2181.0,2181.1,7233305000.0,
06/15/2023,2181.1,2183.9,2178.9,2182.5,4650726000.0,
06/18/2023,2182.5,2184.4,2180.9,2183.3,4182042000.0,
06/19/2023,2183.3,2190.0,2184.0,2188.6,5321548000.0,
06/20/2023,2188.6,2189.4,2184.3,2184.8,5875136000.0,
06/21/2023,2184.8,2186.6,2183.5,2186.1,6300250000.0,
06/22/2023,2186.1,2189.5,2186.2,2187.7,7845960000.0,
06/25/2023,2187.7,2190.7,2187.6,2189.9,6391698000.0,
06/26/2023,2189.9,2193.8,2190.1,2192.8,7675945000.0,
07/02/2023,2192.8,2193.6,2190.3,2191.9,5157793000.0,
07/03/2023,2191.9,2194.3,2191.0,2191.5,6797326000.0,
07/04/2023,2191.5,2194.3,2190.9,2193.5,6002887000.0,
07/05/2023,2193.5,2196.5,2192.6,2192.9,8906972000.0,
07/06/2023,2192.9,2194.2,2191.1,2191.5,8992504000.0,
07/09/2023,2191.5,2192.9,2188.3,2188.7,9199633000.0,
07/10/2023,2188.7,2193.0,2188.1,2190.8,10840377000.0,
07/11/2023,2190.8,2195.1,2191.1,2192.1,6456909000.0,
07/12/2023,2192.1,2195.9,2192.3,2194.4,8551972000.0,
07/13/2023,2194.4,2198.9,2192.2,2197.0,7507051000.0,
07/16/2023,2197.0,2204.6,2199.8,2202.9,9337535000.0,
07/17/2023,2202.9,2204.4,2199.3,2200.4,9327152000.0,
07/18/2023,2200.4,2201.6,2196.5,2197.8,10445618000.0,
07/19/2023,2197.8,2202.5,2196.6,2200.3,8773586000.0,
07/20/2023,2200.3,2204.1,2195.7,2196.8,9470036000.0,
07/23/2023,2196.8,2180.5,2171.2,2172.0,7441798000.0,
07/24/2023,2172.0,2172.0,2165.7,2166.7,6334937000.0,
07/25/2023,2166.7,2171.4,2161.3,2162.3,6609528000.0,
07/26/2023,2162.3,2164.8,2157.1,2160.4,5364452000.0,
07/27/2023,2160.4,2167.2,2159.0,2159.9,6771517000.0,
07/30/2023,2159.9,2163.0,2157.4,2159.1,6268743000.0,
07/31/2023,2159.1,2163.6,2155.3,2157.4,6631376000.0,
08/01/2023,2157.4,2161.2,2155.4,2160.7,5464546000.0,
08/02/2023,2160.7,2166.3,2160.1,2161.0,6391544000.0,
08/03/2023,2161.0,2161.1,2151.8,2152.5,4857354000.0,
08/06/2023,2152.5,2151.8,2143.0,2143.8,4144931000.0,
08/07/2023,2143.8,2147.5,2135.9,2138.4,4685009000.0,
08/08/2023,2138.4,2149.8,2139.5,2148.8,3857350000.0,
08/09/2023,2148.8,2149.9,2142.1,2142.8,4188029000.0,
08/10/2023,2142.8,2143.9,2136.9,2142.9,3796689000.0,
08/13/2023,2142.9,2144.5,2136.8,2138.6,4255103000.0,
08/14/2023,2138.6,2137.1,2121.6,2124.6,4127751000.0,
08/16/2023,2124.6,2120.9,2106.4,2108.7,3515389000.0,
08/17/2023,2108.7,2123.0,2109.8,2121.7,2995292000.0,
08/20/2023,2121.7,2128.2,2113.7,2126.3,3445549000.0,
08/21/2023,2126.3,2137.3,2127.7,2136.7,4957199000.0,
08/22/2023,2136.7,2139.4,2132.4,2135.8,5031029000.0,
08/23/2023,2135.8,2140.4,2128.8,2130.4,4337076000.0,
08/24/2023,2130.4,2131.0,2127.0,2130.5,4134739000.0,
08/27/2023,2130.5,2143.2,2130.7,2140.2,4274922000.0,
08/28/2023,2140.2,2149.3,2142.1,2143.6,5400931000.0,
08/29/2023,2143.6,2143.3,2137.2,2138.6,3915384000.0,
08/30/2023,2138.6,2141.3,2137.5,2139.6,4134064000.0,
08/31/2023,2139.6,2144.0,2140.6,2141.6,4561837000.0,
09/03/2023,2141.6,2149.1,2142.6,2146.8,6106588000.0,
09/04/2023,2146.8,2149.1,2142.2,2143.5,5760559000.0,
09/05/2023,2143.5,2146.4,2141.9,2144.2,7343062000.0,
09/07/2023,2144.2,2146.2,2135.5,2137.1,7002844000.0,
09/10/2023,2137.1,2137.0,2127.6,2128.4,5359810000.0,
09/11/2023,2128.4,2134.6,2128.0,2128.9,4460211000.0,
09/12/2023,2128.9,2135.2,2128.6,2134.0,5227687000.0,
09/13/2023,2134.0,2139.0,2135.1,2137.6,6625454000.0,
09/14/2023,2137.6,2139.4,2134.1,2134.6,6970876000.0,
09/17/2023,2134.6,2142.0,2135.1,2140.8,8666879000.0,
09/18/2023,2140.8,2142.5,2137.0,2138.6,7346171000.0,
09/19/2023,2138.6,2140.4,2137.4,2139.0,8116689000.0,
09/20/2023,2139.0,2143.4,2139.7,2140.9,8554764000.0,
09/21/2023,2140.9,2147.2,2140.5,2146.1,7353570000.0,
09/24/2023,2146.1,2146.7,2135.6,2136.9,5007407000.0,
09/25/2023,2136.9,2138.0,2132.3,2135.3,4412750000.0,
09/26/2023,2135.3,2139.7,2135.3,2138.5,4500153000.0,
09/27/2023,2138.5,2141.1,2137.4,2140.4,4202967000.0,
10/01/2023,2140.35555,2143.6382,2133.52805,2135.69288,5077860000.0,
10/02/2023,2135.69288,2136.23869,2131.1777,2134.62706,4608279000.0,
10/03/2023,2134.62706,2139.84351,2133.34156,2134.54639,4931521000.0,
10/04/2023,2134.54639,2138.45415,2134.08487,2135.37001,4499799000.0,
10/05/2023,2135.37001,2141.48297,2135.35663,2137.65539,3896796000.0,
10/08/2023,2137.65539,2138.51806,2128.6498,2130.71707,3678400000.0,
10/09/2023,2130.71707,2133.61015,2128.04342,2131.09477,4260009000.0,
10/10/2023,2131.09477,2138.09075,2131.66459,2136.72216,3724034000.0,
10/11/2023,2136.72216,2142.71471,2135.57484,2141.39144,4303042000.0,
10/12/2023,2141.39144,2142.76586,2139.47544,2141.54116,4182972000.0,
10/15/2023,2141.54116,2142.85089,2137.49113,2138.88815,3873747000.0,
10/16/2023,2138.88815,2139.89147,2135.67846,2136.43576,4760565000.0,
10/17/2023,2136.43576,2139.39709,2135.44495,2138.2459,5722151000.0,
10/18/2023,2138.2459,2141.49429,2137.35509,2139.22785,5122061000.0,
10/19/2023,2139.22785,2141.74214,2137.97984,2140.44558,5549157000.0,
10/22/2023,2140.44558,2144.26838,2134.5772,2135.49622,5376104000.0,
10/23/2023,2135.49622,2139.40736,2131.66861,2136.23078,4387001000.0,
10/25/2023,2136.23078,2140.4269,2134.61092,2138.55893,4788302000.0,
10/26/2023,2138.55893,2139.83162,2133.38121,2135.55933,3779130000.0,
10/29/2023,2135.55933,2138.42719,2134.37579,2135.04557,4131076000.0,
10/30/2023,2135.04557,2136.5225,2132.30403,2134.79173,4434182000.0,
10/31/2023,2134.79173,2136.27527,2132.77618,2133.86842,5227887000.0,
11/01/2023,2133.86842,2135.94014,2132.59639,2133.97656,3722541000.0,
11/02/2023,2133.97656,2136.92712,2131.22719,2133.73664,4430632000.0,
11/05/2023,2133.73664,2135.07339,2131.80468,2133.41298,4705960000.0,
11/06/2023,2133.41298,2136.78949,2131.16421,2133.32342,5942187000.0,
11/07/2023,2133.32342,2134.76702,2129.86437,2130.55823,5457556000.0,
11/08/2023,2130.55823,2131.36635,2127.87746,2129.11338,5160296000.0,
11/09/2023,2129.11338,2131.78456,2127.42339,2127.84124,4694187000.0,
11/12/2023,2127.84124,2130.83531,2122.55221,2123.2122,4190338000.0,
11/13/2023,2123.2122,2124.00685,2116.7856,2118.2959,4090462000.0,
11/14/2023,2118.2959,2121.6296,2115.90538,2116.81203,3404896000.0,
11/15/2023,2116.81203,2122.23078,2117.20106,2120.74525,6449702000.0,
11/16/2023,2120.74525,2121.0784,2118.29863,2118.93956,3607506000.0,
11/19/2023,2118.93956,2117.84673,2108.51934,2110.64315,4338569000.0,
11/20/2023,2110.64315,2111.69635,2103.77093,2105.81901,4428562000.0,
11/21/2023,2105.81901,2110.23126,2103.93001,2104.41368,3434659000.0,
11/22/2023,2104.41368,2106.86594,2102.24658,2103.20444,4095755000.0,
11/23/2023,2103.20444,2107.63003,2103.20444,2106.71899,3703799000.0,
11/26/2023,2106.71899,2108.95026,2104.83818,2105.42769,5491066000.0,
11/27/2023,2105.42769,2105.79763,2100.97416,2101.37273,3693805000.0,
11/28/2023,2101.37273,2102.52494,2099.00515,2099.38739,2971152000.0,
11/29/2023,2099.38739,2103.90279,2099.43353,2103.36111,3023594000.0,
11/30/2023,2103.36111,2108.93738,2103.83138,2108.32476,3844599000.0,
12/03/2023,2108.32476,2109.20895,2107.02576,2108.47882,3490133000.0,
12/04/2023,2108.47882,2115.06708,2107.85553,2114.17082,4917864000.0,
12/05/2023,2114.17082,2116.05612,2112.21298,2113.51522,4600021000.0,
12/06/2023,2113.51522,2114.76372,2112.12249,2112.81528,5289570000.0,
12/07/2023,2112.81528,2116.05811,2110.60957,2115.26621,4502017000.0,
12/10/2023,2115.26621,2116.62057,2111.26676,2112.46932,5377832000.0,
12/11/2023,2112.46932,2117.97495,2112.16596,2116.85988,5917187000.0,
12/12/2023,2116.85988,2116.40797,2110.27595,2110.65913,6012664000.0,
12/13/2023,2110.65913,2112.14726,2104.72955,2105.42857,7690744000.0,
12/14/2023,2105.42857,2107.97933,2105.44083,2107.12353,4810223000.0,
12/17/2023,2107.12353,2106.30491,2100.7794,2101.47198,6244781000.0,
12/18/2023,2101.47198,2104.20602,2096.83045,2097.54264,4648304000.0,
12/19/2023,2097.54264,2100.4212,2092.78561,2099.20571,5218378000.0,
12/20/2023,2099.20571,2101.70593,2097.60024,2099.44816,6889041000.0,
12/21/2023,2099.44816,2099.1475,2094.58357,2094.58357,6267707000.0,
12/24/2023,2094.58357,2093.99508,2088.77956,2088.93199,4113209000.0,
12/26/2023,2088.93199,2090.70927,2086.36593,2087.63782,4594925000.0,
12/27/2023,2087.63782,2088.98913,2084.93897,2087.35233,4830134000.0,
12/28/2023,2087.35233,2094.90872,2085.01187,2093.83361,6606164000.0,
01/01/2024,2093.83361,2094.88642,2090.81696,2091.54428,4437876000.0,
01/02/2024,2091.54428,2092.04599,2087.09664,2089.89688,5168791000.0,
01/03/2024,2089.89688,2093.13616,2087.65676,2092.13362,2918030000.0,
01/04/2024,2092.13362,2095.32801,2090.54829,2094.26194,3444586000.0,
01/08/2024,2094.26194,2105.32357,2092.92701,2102.22649,4411389000.0,
01/09/2024,2102.22649,2105.54241,2100.25355,2101.90084,4953959000.0,
01/10/2024,2101.90084,2109.83018,2101.22688,2108.00762,5083190000.0,
01/11/2024,2108.00762,2119.12364,2109.16127,2117.9097,7526385000.0,
01/14/2024,2117.9097,2120.11897,2116.5444,2119.612,7647513000.0,
01/15/2024,2119.612,2125.80739,2115.93088,2123.32811,6742730000.0,
01/16/2024,2123.32811,2131.08952,2125.68477,2129.77353,8008279000.0,
01/17/2024,2129.77353,2139.91471,2128.53072,2138.83121,7598137000.0,
01/18/2024,2138.83121,2147.81036,2128.86975,2129.71194,6370240000.0,
01/21/2024,2129.71194,2139.5292,2083.4798,2137.18894,5880321000.0,
01/22/2024,2137.18894,2153.44855,2136.81294,2147.64878,10421433000.0,
01/23/2024,2147.64878,2162.92512,2140.36933,2158.19903,11769493000.0,
01/24/2024,2158.19903,2166.22533,2137.55939,2139.12813,11717016000.0,
01/25/2024,2139.12813,2147.83749,2112.67464,2114.60758,8704065000.0,
01/28/2024,2114.60758,2125.34677,2088.64421,2091.04517,8803203000.0,
01/29/2024,2091.04517,2105.95184,2086.75091,2103.35969,6624579000.0,
01/30/2024,2103.35969,2121.66237,2099.5378,2111.0902,9398697000.0,
01/31/2024,2111.0902,2116.69845,2101.84011,2103.92893,9782648000.0,
02/01/2024,2103.92893,2120.67482,2108.99282,2116.77556,11208567000.0,
02/04/2024,2116.77556,2130.90148,2120.78428,2124.69725,15802789000.0,
02/05/2024,2124.69725,2141.30235,2125.56754,2133.24797,16544862000.0,
02/06/2024,2133.24797,2152.496,2131.41718,2143.70857,16494507000.0,
02/07/2024,2143.70857,2145.76416,2132.50775,2135.28467,17303390000.0,
02/08/2024,2135.28467,2143.26577,2131.14201,2138.22305,18577540000.0,
02/11/2024,2138.22305,2161.68841,2141.28517,2159.92333,18525115000.0,
02/12/2024,2159.92333,2173.64344,2160.61777,2165.93105,16931450000.0,
02/13/2024,2165.93105,2186.58867,2167.23385,2171.52781,16426517000.0,
02/14/2024,2171.52781,2180.25008,2167.62389,2172.35106,11723514000.0,
02/15/2024,2172.35106,2186.35181,2153.81903,2157.06245,10736251000.0,
02/18/2024,2157.06245,2161.35274,2127.19915,2129.28416,9247342000.0,
02/19/2024,2129.28416,2144.45319,2126.59542,2131.28181,8181031000.0,
02/20/2024,2131.28181,2141.82745,2129.39791,2132.12098,7646492000.0,
02/22/2024,2132.12098,2142.93512,2133.69775,2139.57539,8575420000.0,
02/25/2024,2139.57539,2150.94338,2135.0883,2137.27446,8049784000.0,
02/27/2024,2137.27446,2144.82171,2131.62667,2137.99846,8978842000.0,
02/28/2024,2137.99846,2145.15109,2130.74132,2132.62042,8887718000.0,
02/29/2024,2132.62042,2140.67693,2126.17221,2126.79965,9160187000.0,
03/03/2024,2126.79965,2127.59173,2112.52736,2113.74939,9815526000.0,
03/04/2024,2113.74939,2115.92019,2103.91557,2108.32135,7927830000.0,
03/05/2024,2108.32135,2115.89087,2096.39557,2097.71076,8437258000.0,
03/06/2024,2097.71076,2109.3233,2097.39397,2106.34556,7289248000.0,
03/07/2024,2106.34556,2108.80113,2093.17048,2094.34396,7034385000.0,
03/10/2024,2094.34396,2098.96472,2081.59477,2083.86554,4776383000.0,
03/11/2024,2083.86554,2089.03795,2074.40213,2075.87982,7541480000.0,
03/12/2024,2075.87982,2082.83753,2063.02948,2063.83246,5546236000.0,
03/13/2024,2063.83246,2066.18501,2048.57719,2056.5652,4833038000.0,
03/14/2024,2056.5652,2064.679,2047.58865,2051.58316,5146071000.0,
03/18/2024,2051.58316,2059.57861,2031.64686,2042.62037,4866734000.0,
03/19/2024,2042.62037,2047.75091,2017.66402,2020.11127,4654415000.0,
03/20/2024,2020.11127,2036.60408,2021.72964,2032.28157,4226703000.0,
03/21/2024,2032.28157,2060.42749,2033.39726,2057.71663,6085299000.0,
03/24/2024,2057.71663,2072.56131,2048.09191,2051.04762,5802195000.0,
03/25/2024,2051.04762,2048.88784,2023.28617,2024.92626,4455374000.0,
03/27/2024,2024.92626,2032.47838,2008.13303,2012.07205,5387992000.0,
03/28/2024,2012.07205,2021.46985,2000.11428,2011.08541,4110754000.0,
03/31/2024,2011.08541,2023.18204,2014.06439,2021.29576,4593741000.0,
04/01/2024,2021.29576,2031.49118,2003.77074,2007.33716,4671407000.0,
04/02/2024,2007.33716,2011.56279,1991.41251,2001.72234,3670548000.0,
04/03/2024,2001.72234,2019.19975,2000.08642,2014.13543,4292705000.0,
04/04/2024,2014.13543,2021.11242,2012.86511,2014.92899,4361457000.0,
04/08/2024,2014.92899,2034.72491,2015.13108,2033.4047,4152245000.0,
04/09/2024,2033.4047,2038.77029,2024.52602,2032.37458,4437411000.0,
04/15/2024,2032.37458,2037.18211,2013.83993,2014.89273,3675327000.0,
04/16/2024,2014.89273,2020.20664,2006.73898,2012.70816,5384694000.0,
04/17/2024,2012.70816,2020.82283,2005.95262,2007.34297,4825133000.0,
04/18/2024,2007.34297,2013.9371,1981.61796,1984.56634,5221046000.0,
04/21/2024,1984.56634,1990.28605,1972.18561,1982.43037,4779573000.0,
04/22/2024,1982.43037,1995.55701,1980.49396,1983.91023,5690353000.0,
04/23/2024,1983.91023,1997.81407,1977.09562,1980.4283,5974543000.0,
04/24/2024,1980.4283,1995.72498,1981.51217,1984.67773,6027464000.0,
04/25/2024,1984.67773,1996.8692,1960.27412,1974.50565,5112778000.0,
04/28/2024,1974.50565,2001.73518,1968.45988,1996.13905,6137519000.0,
04/29/2024,1996.13905,2009.55986,1991.99114,1993.99196,6617609000.0,
04/30/2024,1993.99196,2006.83717,1984.81697,1995.30623,8356730000.0,
05/02/2024,1995.30623,2013.04999,1992.79456,2007.8578,7106260000.0,
05/05/2024,2007.8578,2036.8182,2009.81523,2033.45146,8175207000.0,
05/06/2024,2033.45146,2049.46846,2034.15466,2046.80897,10953510000.0,
05/07/2024,2046.80897,2061.27201,2034.00768,2040.37831,11076942000.0,
05/08/2024,2040.37831,2041.60692,2023.65192,2026.22277,8694476000.0,
05/09/2024,2026.22277,2032.63504,2009.62084,2015.23538,9113787000.0,
05/12/2024,2015.23538,2030.37633,2006.28743,2026.59761,9858876000.0,
05/13/2024,2026.59761,2037.92656,2017.97706,2017.97706,9680264000.0,
05/14/2024,2017.97706,2024.0198,1990.47157,1991.92957,6640272000.0,
05/15/2024,1991.92957,1991.65758,1969.18765,1977.78816,5261976000.0,
05/16/2024,1977.78816,1988.42854,1967.12059,1973.9926,6763809000.0,
05/19/2024,1973.9926,1973.36817,1947.30056,1948.43926,4091253000.0,
05/20/2024,1948.43926,1945.86775,1920.93167,1938.88423,5612148000.0,
05/21/2024,1938.88423,1963.074,1929.03413,1929.92926,5916218000.0,
05/23/2024,1929.92926,1932.74053,1907.69817,1907.69817,5059672000.0,
05/26/2024,1907.69817,1910.69216,1876.89817,1888.71703,3227541000.0,
05/27/2024,1888.71703,1906.89538,1880.55649,1900.65312,5060633000.0,
05/28/2024,1900.65312,1924.41887,1886.72525,1886.72525,4407205000.0,
05/29/2024,1886.72525,1897.30618,1865.56038,1869.93519,3065752000.0,
05/30/2024,1869.93519,1879.91119,1857.80232,1874.84005,3744824000.0,
06/02/2024,1874.84005,1886.7475,1865.06981,1867.04787,3494663000.0,
06/03/2024,1867.04787,1866.48078,1850.10575,1856.99253,3914609000.0,
06/04/2024,1856.99253,1865.39386,1848.6704,1852.56171,5880660000.0,
06/05/2024,1852.56171,1858.36374,1845.91773,1854.38025,3811709000.0,
06/06/2024,1854.38025,1859.68541,1839.93408,1857.97627,5425647000.0,
06/09/2024,1857.97627,1857.97627,1857.97627,1857.97627,5425647000.0,
06/10/2024,1857.97627,1857.97627,1857.97627,1857.97627,5425647000.0,
06/11/2024,1857.97627,1857.97627,1857.97627,1857.97627,5425647000.0,
06/12/2024,1857.97627,1857.97627,1857.97627,1857.97627,5425647000.0,
06/13/2024,1857.97627,1857.97627,1857.97627,1857.97627,5425647000.0,
06/19/2024,1857.97627,1857.97627,1857.97627,1857.97627,5425647000.0,
06/20/2024,1857.97627,1857.97627,1857.97627,1857.97627,5425647000.0,
06/23/2024,1857.97627,1857.97627,1857.97627,1857.97627,5425647000.0,
06/24/2024,1857.97627,1857.97627,1857.97627,1857.97627,5425647000.0,
06/25/2024,1857.97627,1857.97627,1857.97627,1857.97627,5425647000.0,
06/26/2024,1857.97627,1857.97627,1857.97627,1857.97627,5425647000.0,
06/27/2024,1857.97627,1857.97627,1857.97627,1857.97627,5425647000.0,
06/30/2024,1857.97627,1857.97627,1857.97627,1857.97627,5425647000.0,
07/02/2024,1857.97627,1857.97627,1857.97627,1857.97627,5425647000.0,
07/03/2024,1857.97627,1857.97627,1857.97627,1857.97627,5425647000.0,
07/04/2024,1857.97627,1857.97627,1857.97627,1857.97627,5425647000.0,
07/07/2024,1857.97627,1857.97627,1857.97627,1857.97627,5425647000.0,
07/08/2024,1857.97627,1857.97627,1857.97627,1857.97627,5425647000.0,
07/09/2024,1857.97627,1857.97627,1857.97627,1857.97627,5425647000.0,
07/10/2024,1857.97627,1857.97627,1857.97627,1857.97627,5425647000.0,
07/11/2024,1857.97627,1857.97627,1857.97627,1857.97627,5425647000.0,
07/14/2024,1857.97627,1857.97627,1857.97627,1857.97627,5425647000.0,
07/15/2024,1857.97627,1857.97627,1857.97627,1857.97627,5425647000.0,
07/16/2024,1857.97627,1857.97627,1857.97627,1857.97627,5425647000.0,
07/18/2024,1857.97627,1857.97627,1857.97627,1857.97627,5425647000.0,
07/24/2024,1857.97627,1857.97627,1857.97627,1857.97627,5425647000.0,
07/25/2024,1857.97627,1857.97627,1857.97627,1857.97627,5425647000.0,
07/28/2024,1857.97627,1857.97627,1857.97627,1857.97627,5425647000.0,
07/29/2024,1857.97627,1857.97627,1857.97627,1857.97627,5425647000.0,
07/30/2024,1857.97627,1857.97627,1857.97627,1857.97627,5425647000.0,
07/31/2024,1857.97627,1857.97627,1857.97627,1857.97627,5425647000.0,
08/01/2024,1857.97627,1857.97627,1857.97627,1857.97627,5425647000.0,
08/04/2024,1857.97627,1857.97627,1857.97627,1857.97627,5425647000.0,
08/06/2024,1857.97627,1857.97627,1857.97627,1857.97627,5425647000.0,
08/07/2024,1857.97627,1857.97627,1857.97627,1857.97627,5425647000.0,
08/08/2024,1857.97627,1857.97627,1857.97627,1857.97627,5425647000.0,
08/11/2024,1857.97627,1857.97627,1857.97627,1857.97627,5425647000.0,
08/12/2024,1857.97627,1857.97627,1857.97627,1857.97627,5425647000.0,
08/13/2024,1857.97627,1857.97627,1857.97627,1857.97627,5425647000.0,
08/14/2024,1857.97627,1857.97627,1857.97627,1857.97627,5425647000.0,
08/15/2024,1857.97627,1857.97627,1857.97627,1857.97627,5425647000.0,
08/18/2024,1857.97627,1857.97627,1857.97627,1857.97627,5425647000.0,
08/19/2024,1857.97627,1857.97627,1857.97627,1857.97627,5425647000.0,
08/20/2024,1857.97627,1857.97627,1857.97627,1857.97627,5425647000.0,
08/21/2024,1857.97627,1857.97627,1857.97627,1857.97627,5425647000.0,
08/22/2024,1857.97627,1857.97627,1857.97627,1857.97627,5425647000.0,
08/25/2024,1857.97627,1857.97627,1857.97627,1857.97627,5425647000.0,
08/27/2024,1857.97627,1857.97627,1857.97627,1857.97627,5425647000.0,
08/28/2024,1857.97627,1857.97627,1857.97627,1857.97627,5425647000.0,
08/29/2024,1857.97627,1857.97627,1857.97627,1857.97627,5425647000.0,
09/01/2024,1857.97627,1857.97627,1857.97627,1857.97627,5425647000.0,
09/02/2024,1857.97627,1857.97627,1857.97627,1857.97627,5425647000.0,
09/03/2024,1857.97627,1857.97627,1857.97627,1857.97627,5425647000.0,
09/04/2024,1857.97627,1857.97627,1857.97627,1857.97627,5425647000.0,
09/05/2024,1857.97627,1857.97627,1857.97627,1857.97627,5425647000.0,
09/08/2024,1857.97627,1857.97627,1857.97627,1857.97627,5425647000.0,
09/09/2024,1857.97627,1857.97627,1857.97627,1857.97627,5425647000.0,
09/10/2024,1857.97627,1857.97627,1857.97627,1857.97627,5425647000.0,
09/11/2024,1857.97627,1857.97627,1857.97627,1857.97627,5425647000.0,
09/12/2024,1857.97627,1857.97627,1857.97627,1857.97627,5425647000.0,
09/15/2024,1857.97627,1857.97627,1857.97627,1857.97627,5425647000.0,
09/17/2024,1857.97627,1857.97627,1857.97627,1857.97627,5425647000.0,
09/18/2024,1857.97627,1857.97627,1857.97627,1857.97627,5425647000.0,
09/19/2024,1857.97627,1857.97627,1857.97627,1857.97627,5425647000.0,
09/22/2024,1857.97627,1857.97627,1857.97627,1857.97627,5425647000.0,
09/23/2024,1857.97627,1857.97627,1857.97627,1857.97627,5425647000.0,
09/24/2024,1857.97627,1857.97627,1857.97627,1857.97627,5425647000.0,
09/25/2024,1857.97627,1857.97627,1857.97627,1857.97627,5425647000.0,
09/26/2024,1857.97627,1857.97627,1857.97627,1857.97627,5425647000.0,
09/29/2024,1857.97627,1857.97627,1857.97627,1857.97627,5425647000.0,
09/30/2024,1857.97627,1857.97627,1857.97627,1857.97627,5425647000.0,
10/01/2024,1857.97627,1857.97627,1857.97627,1857.97627,5425647000.0,
10/02/2024,1857.97627,1857.97627,1857.97627,1857.97627,5425647000.0,
