date,open,high,low,close,volume,trade,Unnamed: 7,Unnamed: 8,Unnamed: 9,Unnamed: 10,Unnamed: 11,Unnamed: 12
11/07/2021,11.0,11.0,11.0,11.0,410.0,24.0,,,,,,
11/08/2021,12.1,12.1,12.1,12.1,4490.0,32.0,,,,,,
11/09/2021,13.3,13.3,13.3,13.3,234.0,15.0,,,,,,
11/10/2021,14.6,14.6,14.6,14.6,1220.0,14.0,,,,,,
11/11/2021,16.0,16.0,16.0,16.0,491.0,27.0,,,,,,
11/14/2021,17.6,17.6,17.6,17.6,470.0,29.0,,,,,,
11/15/2021,19.3,19.3,19.3,19.3,678.0,40.0,,,,,,
11/16/2021,21.2,21.2,21.2,21.2,612.0,34.0,,,,,,
11/17/2021,23.3,23.3,23.3,23.3,1008.0,56.0,,,,,,
11/18/2021,25.6,25.6,25.6,25.6,6059.0,324.0,,,,,,
11/21/2021,28.1,28.1,28.1,28.1,4771.0,75.0,,,,,,
11/22/2021,30.9,30.9,30.9,30.9,8481.0,91.0,,,,,,
11/23/2021,33.9,33.9,33.9,33.9,15558.0,93.0,,,,,,
11/24/2021,37.2,37.2,37.2,37.2,16163.0,126.0,,,,,,
11/25/2021,40.9,40.9,40.9,40.9,20089.0,232.0,,,,,,
11/28/2021,44.9,44.9,44.9,44.9,15398.0,417.0,,,,,,
11/29/2021,49.3,49.3,49.3,49.3,42907.0,829.0,,,,,,
11/30/2021,54.2,54.2,54.2,54.2,74745.0,1210.0,,,,,,
12/01/2021,59.6,59.6,59.6,59.6,84953.0,2038.0,,,,,,
12/02/2021,65.5,65.5,64.5,65.5,4555904.0,58162.0,,,,,,
12/05/2021,72.0,72.0,72.0,72.0,692669.0,14784.0,,,,,,
12/06/2021,78.8,79.2,74.5,79.2,3600631.0,50775.0,,,,,,
12/07/2021,82.9,87.1,79.0,87.1,1406816.0,17195.0,,,,,,
12/08/2021,87.0,94.0,80.8,82.7,3320351.0,39323.0,,,,,,
12/09/2021,83.5,85.8,78.3,79.5,1728199.0,20311.0,,,,,,
12/12/2021,78.6,80.0,74.4,74.8,1989327.0,13605.0,,,,,,
12/13/2021,74.9,82.2,74.5,82.2,1745148.0,8669.0,,,,,,
12/14/2021,84.0,87.9,79.5,80.3,2139673.0,10518.0,,,,,,
12/15/2021,80.0,84.1,79.0,81.7,1192540.0,6652.0,,,,,,
12/19/2021,82.0,87.8,82.0,85.6,1896811.0,18701.0,,,,,,
12/20/2021,86.6,88.8,85.7,86.0,1986963.0,12395.0,,,,,,
12/21/2021,86.0,86.4,81.8,82.0,1272837.0,7105.0,,,,,,
12/22/2021,82.3,85.7,80.8,84.9,1292452.0,7002.0,,,,,,
12/23/2021,85.0,86.8,82.7,83.1,1244382.0,6219.0,,,,,,
12/26/2021,84.0,84.0,78.1,78.7,1073901.0,7462.0,,,,,,
12/27/2021,79.1,80.8,77.1,77.5,963079.0,4892.0,,,,,,
12/28/2021,78.0,80.8,77.4,77.9,1016998.0,5225.0,,,,,,
12/29/2021,78.0,79.0,76.0,76.4,961863.0,3405.0,,,,,,
12/30/2021,76.9,79.0,76.9,77.3,876234.0,3345.0,,,,,,
01/02/2022,78.0,78.9,77.3,78.5,759035.0,1870.0,,,,,,
01/03/2022,79.1,83.9,79.1,81.4,1583351.0,3643.0,,,,,,
01/04/2022,82.0,82.3,79.7,80.0,997671.0,2708.0,,,,,,
01/05/2022,80.4,81.4,78.8,80.4,1217054.0,2958.0,,,,,,
01/06/2022,81.3,81.3,78.8,78.9,923757.0,2338.0,,,,,,
01/09/2022,79.4,80.4,76.9,77.2,719039.0,2300.0,,,,,,
01/10/2022,77.5,78.5,75.3,75.9,829485.0,2646.0,,,,,,
01/11/2022,76.5,78.4,76.0,76.2,713955.0,2223.0,,,,,,
01/12/2022,76.6,77.9,75.4,75.6,571993.0,1813.0,,,,,,
01/13/2022,76.0,76.9,75.0,75.4,452048.0,1442.0,,,,,,
01/16/2022,76.3,76.9,74.4,74.8,594989.0,1946.0,,,,,,
01/17/2022,75.3,78.5,74.6,75.9,762512.0,2391.0,,,,,,
01/18/2022,76.3,76.8,75.0,75.2,457158.0,1615.0,,,,,,
01/19/2022,75.4,75.8,74.4,74.5,477027.0,1748.0,,,,,,
01/20/2022,75.8,75.8,74.2,74.5,375160.0,1593.0,,,,,,
01/23/2022,75.0,76.5,74.7,75.0,373472.0,1255.0,,,,,,
01/24/2022,75.8,76.0,73.0,73.5,282848.0,1249.0,,,,,,
01/25/2022,73.6,74.5,72.3,72.5,312594.0,1221.0,,,,,,
01/26/2022,72.7,73.4,71.0,71.4,338471.0,1244.0,,,,,,
01/27/2022,71.5,72.2,70.6,71.0,264906.0,1065.0,,,,,,
01/30/2022,71.5,74.0,71.1,73.0,408584.0,1514.0,,,,,,
01/31/2022,73.3,74.0,72.1,72.4,261931.0,1189.0,,,,,,
02/01/2022,72.7,73.3,71.5,72.0,219343.0,1001.0,,,,,,
02/02/2022,72.2,73.7,72.0,73.2,290024.0,1144.0,,,,,,
02/03/2022,73.2,76.0,73.1,73.4,448848.0,1707.0,,,,,,
02/06/2022,73.5,75.9,73.4,74.7,397098.0,1598.0,,,,,,
02/07/2022,75.0,77.2,74.4,76.0,657461.0,2102.0,,,,,,
02/08/2022,76.6,77.4,74.5,74.6,492766.0,1578.0,,,,,,
02/09/2022,74.6,76.2,74.3,74.5,324312.0,1417.0,,,,,,
02/10/2022,74.6,75.3,74.3,74.5,217163.0,931.0,,,,,,
02/13/2022,74.5,74.7,72.3,72.7,396729.0,2078.0,,,,,,
02/14/2022,73.0,73.5,71.4,71.7,313340.0,2008.0,,,,,,
02/15/2022,71.7,72.2,70.6,70.9,210867.0,1179.0,,,,,,
02/16/2022,71.0,71.6,69.5,70.0,269964.0,1396.0,,,,,,
02/17/2022,69.2,70.1,66.8,67.2,520588.0,1882.0,,,,,,
02/20/2022,67.2,68.0,64.2,64.6,605811.0,1670.0,,,,,,
02/22/2022,64.6,66.0,64.5,65.2,249488.0,963.0,,,,,,
02/23/2022,65.3,66.1,64.7,64.9,198253.0,1112.0,,,,,,
02/24/2022,65.0,65.0,61.0,61.5,798515.0,2166.0,,,,,,
02/27/2022,61.2,61.3,57.0,57.4,683153.0,2344.0,,,,,,
02/28/2022,57.3,60.0,57.3,58.5,261898.0,1320.0,,,,,,
03/01/2022,59.2,60.8,58.5,59.3,572560.0,1669.0,,,,,,
03/02/2022,59.5,59.9,58.1,58.6,247390.0,892.0,,,,,,
03/03/2022,58.5,59.5,57.5,58.5,187980.0,923.0,,,,,,
03/06/2022,58.6,59.3,57.3,57.5,197220.0,708.0,,,,,,
03/07/2022,58.3,58.3,53.2,53.8,343793.0,1122.0,,,,,,
03/08/2022,54.0,54.8,51.6,54.0,283358.0,1007.0,,,,,,
03/09/2022,55.5,59.1,54.5,58.0,432600.0,1288.0,,,,,,
03/10/2022,58.8,62.3,58.6,61.0,734322.0,1963.0,,,,,,
03/13/2022,61.0,61.8,59.9,60.2,389064.0,1166.0,,,,,,
03/14/2022,60.6,62.2,60.3,60.6,404186.0,1206.0,,,,,,
03/15/2022,60.7,61.4,59.5,59.8,272995.0,1020.0,,,,,,
03/16/2022,59.6,60.5,59.1,59.3,242822.0,599.0,,,,,,
03/20/2022,58.6,59.9,58.2,58.2,174107.0,490.0,,,,,,
03/21/2022,58.0,59.2,57.2,57.7,208006.0,714.0,,,,,,
03/22/2022,57.8,58.8,57.2,57.6,145954.0,580.0,,,,,,
03/23/2022,58.5,59.1,57.8,57.8,253902.0,853.0,,,,,,
03/24/2022,58.7,58.7,57.4,57.9,100626.0,459.0,,,,,,
03/27/2022,58.5,58.5,56.8,56.9,188847.0,640.0,,,,,,
03/28/2022,57.5,58.9,57.3,57.8,191065.0,687.0,,,,,,
03/29/2022,58.2,58.5,57.8,58.0,152514.0,447.0,,,,,,
03/30/2022,58.0,61.3,58.0,60.2,545170.0,1441.0,,,,,,
03/31/2022,61.0,61.7,59.0,59.2,256044.0,702.0,,,,,,
04/03/2022,59.2,60.0,58.1,58.1,231546.0,592.0,,,,,,
04/04/2022,57.6,58.4,57.0,57.0,187416.0,474.0,,,,,,
04/05/2022,56.9,57.6,55.9,57.0,87275.0,307.0,,,,,,
04/06/2022,56.8,56.9,55.9,55.9,125171.0,513.0,,,,,,
04/07/2022,55.9,55.9,54.8,55.2,94343.0,376.0,,,,,,
04/10/2022,56.2,56.8,55.1,55.4,159691.0,467.0,,,,,,
04/11/2022,55.1,56.3,55.1,55.2,95143.0,326.0,,,,,,
04/12/2022,54.7,55.4,54.1,54.2,144590.0,508.0,,,,,,
04/13/2022,54.2,54.8,53.2,54.0,127727.0,421.0,,,,,,
04/17/2022,54.7,55.3,54.0,54.3,97844.0,399.0,,,,,,
04/18/2022,54.3,54.5,53.3,53.3,99474.0,355.0,,,,,,
04/19/2022,52.4,53.9,52.3,53.5,190998.0,624.0,,,,,,
04/20/2022,53.5,54.3,52.5,53.8,147817.0,617.0,,,,,,
04/21/2022,51.1,54.0,51.1,53.7,267464.0,852.0,,,,,,
04/24/2022,53.7,57.8,53.0,57.5,399191.0,1435.0,,,,,,
04/25/2022,56.7,59.7,56.5,58.1,355197.0,1108.0,,,,,,
04/26/2022,57.4,58.2,56.0,56.4,271514.0,925.0,,,,,,
04/27/2022,55.9,56.8,54.6,55.0,195193.0,749.0,,,,,,
04/28/2022,55.0,55.5,53.9,54.1,149689.0,674.0,,,,,,
05/05/2022,54.4,54.4,53.0,53.6,78662.0,442.0,,,,,,
05/08/2022,53.6,55.2,53.3,54.5,212053.0,908.0,,,,,,
05/09/2022,54.5,56.5,54.5,55.9,239690.0,1160.0,,,,,,
05/10/2022,56.5,58.2,56.0,56.5,424063.0,1317.0,,,,,,
05/11/2022,56.1,57.0,54.5,54.7,174343.0,742.0,,,,,,
05/12/2022,54.6,55.4,53.6,53.8,219859.0,1579.0,,,,,,
05/16/2022,53.3,53.4,51.2,51.2,220350.0,1124.0,,,,,,
05/17/2022,51.2,52.4,48.8,49.8,118364.0,810.0,,,,,,
05/18/2022,50.5,50.9,47.5,47.7,230258.0,811.0,,,,,,
05/19/2022,47.2,47.3,45.5,46.5,146729.0,611.0,,,,,,
05/22/2022,47.2,47.3,45.5,46.5,146729.0,0.0,,,,,,
05/23/2022,46.0,47.7,45.7,46.8,217752.0,665.0,,,,,,
05/24/2022,47.0,47.2,45.2,45.9,102280.0,484.0,,,,,,
05/25/2022,45.9,46.3,44.1,44.3,80134.0,361.0,,,,,,
05/26/2022,44.3,45.2,44.0,44.7,75815.0,280.0,,,,,,
05/29/2022,45.1,46.9,45.1,46.6,159541.0,420.0,,,,,,
05/30/2022,46.6,49.1,46.6,48.8,241218.0,660.0,,,,,,
05/31/2022,49.0,52.8,47.9,50.8,361685.0,1092.0,,,,,,
06/01/2022,50.8,52.9,50.0,51.9,205050.0,569.0,,,,,,
06/02/2022,52.9,52.9,51.0,51.5,178676.0,478.0,,,,,,
06/05/2022,51.2,53.7,51.2,53.3,289066.0,825.0,,,,,,
06/06/2022,53.5,58.0,53.5,56.5,755994.0,1827.0,,,,,,
06/07/2022,55.6,57.9,55.4,56.6,487192.0,1059.0,,,,,,
06/08/2022,56.0,57.0,55.5,55.5,310815.0,781.0,,,,,,
06/09/2022,54.4,55.0,54.4,54.4,154350.0,540.0,,,,,,
06/12/2022,54.0,54.9,53.4,53.4,84030.0,390.0,,,,,,
06/13/2022,52.5,53.0,52.4,52.4,152747.0,496.0,,,,,,
06/14/2022,52.6,54.3,51.7,53.0,163836.0,763.0,,,,,,
06/15/2022,52.6,53.9,52.5,53.3,135018.0,492.0,,,,,,
06/16/2022,53.0,54.4,52.5,53.6,206684.0,689.0,,,,,,
06/19/2022,53.0,53.7,52.6,52.6,97897.0,507.0,,,,,,
06/20/2022,53.3,53.3,51.6,51.6,61067.0,324.0,,,,,,
06/21/2022,51.6,51.7,50.6,50.7,113540.0,534.0,,,,,,
06/22/2022,50.6,51.8,50.6,51.3,87351.0,411.0,,,,,,
06/23/2022,50.7,51.8,50.7,51.4,93895.0,522.0,,,,,,
06/26/2022,51.1,52.2,50.7,51.5,109924.0,405.0,,,,,,
06/27/2022,51.1,53.1,50.8,52.9,161082.0,633.0,,,,,,
06/28/2022,52.1,53.8,51.9,52.1,194481.0,596.0,,,,,,
06/29/2022,51.7,52.7,51.7,52.1,105559.0,374.0,,,,,,
06/30/2022,52.0,52.5,51.5,52.1,78013.0,312.0,,,,,,
07/03/2022,51.8,52.8,51.7,52.4,65983.0,318.0,,,,,,
07/04/2022,52.8,52.8,51.4,51.5,141622.0,637.0,,,,,,
07/05/2022,50.9,52.3,50.9,51.3,110502.0,538.0,,,,,,
07/06/2022,50.5,51.7,50.5,51.3,40041.0,341.0,,,,,,
07/07/2022,50.8,51.8,50.8,51.2,50532.0,294.0,,,,,,
07/12/2022,51.2,51.7,50.2,50.2,75420.0,390.0,,,,,,
07/13/2022,55.2,55.2,50.0,50.9,82079.0,390.0,,,,,,
07/14/2022,50.9,51.0,49.9,50.1,103921.0,486.0,,,,,,
07/17/2022,49.1,50.2,49.1,49.7,70126.0,471.0,,,,,,
07/18/2022,49.3,49.5,48.8,48.8,57955.0,212.0,,,,,,
07/19/2022,47.9,48.0,47.9,47.9,27022.0,114.0,,,,,,
07/20/2022,47.0,48.0,47.0,47.0,86654.0,405.0,,,,,,
07/21/2022,46.6,47.9,46.1,46.2,124824.0,424.0,,,,,,
07/24/2022,46.0,46.0,45.3,45.3,45853.0,121.0,,,,,,
07/25/2022,45.3,46.0,44.4,45.4,110621.0,546.0,,,,,,
07/26/2022,45.6,48.4,45.2,47.5,118868.0,527.0,,,,,,
07/27/2022,47.5,47.8,46.6,46.6,87142.0,375.0,,,,,,
07/28/2022,46.0,46.3,45.7,45.8,44743.0,248.0,,,,,,
07/31/2022,46.2,50.7,46.1,50.7,396726.0,927.0,,,,,,
08/01/2022,52.2,52.3,49.1,49.3,153475.0,522.0,,,,,,
08/02/2022,49.3,52.4,48.8,51.9,437063.0,866.0,,,,,,
08/03/2022,51.0,52.2,51.0,51.1,120460.0,459.0,,,,,,
08/04/2022,51.0,51.0,49.0,50.0,96178.0,406.0,,,,,,
08/07/2022,49.5,50.0,47.9,48.4,130179.0,551.0,,,,,,
08/08/2022,47.5,49.6,47.5,47.9,109609.0,408.0,,,,,,
08/10/2022,47.1,48.7,47.1,47.2,53627.0,396.0,,,,,,
08/11/2022,47.9,47.9,46.2,46.7,36251.0,213.0,,,,,,
08/14/2022,46.7,47.2,46.5,46.7,48665.0,249.0,,,,,,
08/16/2022,47.0,47.9,47.0,47.3,98455.0,441.0,,,,,,
08/17/2022,48.0,49.4,47.2,48.5,166977.0,671.0,,,,,,
08/21/2022,47.8,49.4,47.7,47.9,153986.0,642.0,,,,,,
08/22/2022,47.5,48.5,47.5,48.1,121324.0,531.0,,,,,,
08/23/2022,48.1,48.4,47.3,47.9,236339.0,667.0,,,,,,
08/24/2022,47.3,48.0,47.3,47.3,102219.0,541.0,,,,,,
08/25/2022,47.3,49.0,46.7,48.7,166508.0,585.0,,,,,,
08/28/2022,48.7,51.0,48.7,50.6,393735.0,1051.0,,,,,,
08/29/2022,50.6,52.2,50.0,50.1,291092.0,971.0,,,,,,
08/30/2022,50.0,51.4,49.7,50.6,200796.0,661.0,,,,,,
08/31/2022,50.0,52.5,50.0,52.0,342765.0,1051.0,,,,,,
09/01/2022,50.7,53.0,50.7,52.4,300100.0,779.0,,,,,,
09/04/2022,49.1,53.0,49.1,50.0,230347.0,590.0,,,,,,
09/05/2022,49.3,50.6,49.3,50.2,165587.0,466.0,,,,,,
09/06/2022,50.0,50.7,49.0,49.6,88747.0,390.0,,,,,,
09/07/2022,49.3,50.3,49.1,49.5,183567.0,702.0,,,,,,
09/08/2022,49.5,51.0,48.5,49.0,179512.0,567.0,,,,,,
09/11/2022,48.5,49.1,48.2,48.4,97919.0,382.0,,,,,,
09/12/2022,48.9,49.5,48.1,48.7,58244.0,409.0,,,,,,
09/13/2022,47.8,49.1,47.8,48.9,69651.0,596.0,,,,,,
09/14/2022,48.2,49.0,48.2,48.4,100370.0,449.0,,,,,,
09/15/2022,48.2,49.5,48.1,49.1,120750.0,479.0,,,,,,
09/18/2022,49.0,52.0,49.0,50.4,375553.0,1366.0,,,,,,
09/19/2022,50.4,51.4,49.1,49.2,203523.0,843.0,,,,,,
09/20/2022,49.2,50.0,48.2,48.3,236726.0,827.0,,,,,,
09/21/2022,47.0,49.9,47.0,47.1,257783.0,707.0,,,,,,
09/22/2022,47.1,48.2,46.9,47.9,148591.0,747.0,,,,,,
09/25/2022,47.2,48.1,47.2,47.3,142430.0,669.0,,,,,,
09/26/2022,47.2,48.1,47.0,47.6,86264.0,619.0,,,,,,
09/27/2022,47.2,47.9,46.7,46.9,141426.0,706.0,,,,,,
09/28/2022,46.7,47.7,46.7,46.9,164176.0,485.0,,,,,,
09/29/2022,47.0,47.5,46.7,47.1,107236.0,395.0,,,,,,
10/02/2022,47.1,47.9,46.8,46.9,197689.0,452.0,,,,,,
10/03/2022,47.8,47.8,46.5,46.6,114434.0,281.0,,,,,,
10/04/2022,46.6,46.9,46.1,46.1,197409.0,522.0,,,,,,
10/06/2022,46.4,46.4,46.1,46.1,137779.0,309.0,,,,,,
10/10/2022,46.1,47.0,46.1,46.1,85469.0,246.0,,,,,,
10/11/2022,47.9,47.9,46.1,46.1,53126.0,152.0,,,,,,
10/12/2022,46.1,46.7,46.1,46.1,219122.0,317.0,,,,,,
10/13/2022,46.1,50.7,46.1,50.7,677769.0,1156.0,,,,,,
10/16/2022,51.9,55.0,51.8,53.0,1546146.0,2585.0,,,,,,
10/17/2022,52.5,53.8,49.5,50.7,716955.0,1364.0,,,,,,
10/18/2022,50.0,51.4,46.1,48.9,415519.0,971.0,,,,,,
10/19/2022,48.3,49.0,47.5,47.7,203578.0,528.0,,,,,,
10/20/2022,46.6,48.6,46.6,48.1,156606.0,420.0,,,,,,
10/23/2022,50.0,50.0,47.2,47.9,175823.0,435.0,,,,,,
10/24/2022,47.6,49.5,47.3,48.3,113051.0,198.0,,,,,,
10/25/2022,48.3,53.0,48.3,52.4,808917.0,1422.0,,,,,,
10/26/2022,53.6,53.8,51.4,53.3,1442077.0,1388.0,,,,,,
10/27/2022,53.1,58.6,52.6,58.6,2172535.0,2963.0,,,,,,
10/30/2022,58.8,64.1,58.0,60.4,2323749.0,2966.0,,,,,,
10/31/2022,59.2,60.3,54.4,55.2,1729107.0,2599.0,,,,,,
11/01/2022,54.0,60.7,52.2,60.7,1793350.0,2653.0,,,,,,
11/02/2022,62.0,64.9,61.2,63.7,2232794.0,4051.0,,,,,,
11/03/2022,63.4,63.4,59.6,60.3,1627109.0,2791.0,,,,,,
11/06/2022,59.7,64.8,59.6,61.5,1278588.0,2160.0,,,,,,
11/07/2022,62.0,62.8,58.0,58.3,988335.0,2290.0,,,,,,
11/08/2022,58.1,61.7,57.6,58.5,868931.0,1821.0,,,,,,
11/09/2022,60.0,61.0,58.2,58.7,625129.0,1511.0,,,,,,
11/10/2022,58.9,60.6,56.2,57.1,646858.0,1281.0,,,,,,
11/13/2022,57.1,58.0,52.5,52.9,551803.0,1389.0,,,,,,
11/14/2022,53.0,55.7,52.3,53.5,599691.0,1324.0,,,,,,
11/15/2022,54.6,54.6,49.8,51.4,532215.0,1302.0,,,,,,
11/16/2022,53.0,55.7,50.5,54.7,418081.0,1146.0,,,,,,
11/17/2022,54.8,58.6,54.1,56.4,806225.0,1732.0,,,,,,
11/20/2022,56.4,58.4,55.6,56.7,603970.0,1814.0,,,,,,
11/21/2022,56.5,56.6,53.5,54.6,415160.0,1169.0,,,,,,
11/22/2022,54.8,57.3,54.8,56.5,375928.0,1054.0,,,,,,
11/23/2022,56.7,57.5,53.9,54.5,484842.0,1232.0,,,,,,
11/24/2022,54.0,55.7,54.0,55.4,285496.0,868.0,,,,,,
11/27/2022,55.5,56.6,55.1,55.7,286843.0,737.0,,,,,,
11/28/2022,55.8,56.0,52.7,52.8,530544.0,1170.0,,,,,,
11/29/2022,52.8,56.1,51.5,55.5,504139.0,1130.0,,,,,,
11/30/2022,55.7,58.1,55.3,56.5,792403.0,1817.0,,,,,,
12/01/2022,56.0,60.4,56.0,59.1,1384439.0,2301.0,,,,,,
12/04/2022,59.3,61.4,57.2,57.9,1028074.0,2038.0,,,,,,
12/05/2022,57.2,58.4,56.3,57.0,434837.0,1066.0,,,,,,
12/06/2022,58.0,58.8,56.9,58.2,308585.0,720.0,,,,,,
12/07/2022,58.8,59.1,57.6,58.0,387244.0,769.0,,,,,,
12/08/2022,57.2,58.0,57.1,57.5,237010.0,455.0,,,,,,
12/11/2022,57.5,58.6,57.5,58.1,298409.0,552.0,,,,,,
12/12/2022,58.6,59.7,58.4,59.0,454442.0,881.0,,,,,,
12/13/2022,58.8,59.5,58.2,58.4,410007.0,839.0,,,,,,
12/14/2022,58.0,58.6,57.6,57.7,144044.0,421.0,,,,,,
12/15/2022,57.3,57.8,56.4,56.8,197123.0,509.0,,,,,,
12/18/2022,56.7,57.0,56.1,56.8,224591.0,567.0,,,,,,
12/19/2022,56.9,56.9,56.4,56.6,116250.0,414.0,,,,,,
12/20/2022,55.1,56.7,54.8,55.2,178327.0,445.0,,,,,,
12/21/2022,55.2,55.5,50.1,52.8,147224.0,524.0,,,,,,
12/22/2022,54.0,56.0,52.4,55.5,263642.0,614.0,,,,,,
12/26/2022,55.5,55.9,55.0,55.0,105482.0,276.0,,,,,,
12/27/2022,54.7,54.8,54.5,54.5,82034.0,236.0,,,,,,
12/28/2022,55.5,56.5,54.0,56.2,318354.0,611.0,,,,,,
12/29/2022,56.2,58.0,56.0,57.6,385000.0,848.0,,,,,,
01/01/2023,57.2,57.6,57.1,57.1,176690.0,306.0,,,,,,
01/02/2023,57.0,57.0,56.6,56.6,43746.0,93.0,,,,,,
01/03/2023,56.1,56.8,56.1,56.2,191328.0,302.0,,,,,,
01/04/2023,56.5,57.3,55.7,56.9,196213.0,607.0,,,,,,
01/05/2023,56.6,57.8,56.4,57.4,294674.0,499.0,,,,,,
01/08/2023,57.6,58.3,56.9,57.1,256888.0,593.0,,,,,,
01/09/2023,57.0,57.0,56.6,56.6,139241.0,376.0,,,,,,
01/10/2023,56.1,56.6,56.1,56.2,395383.0,664.0,,,,,,
01/11/2023,56.2,57.5,55.7,55.9,290185.0,619.0,,,,,,
01/12/2023,55.9,57.8,55.5,57.2,576050.0,1203.0,,,,,,
01/15/2023,57.5,62.9,56.9,62.9,1851664.0,2883.0,,,,,,
01/16/2023,62.9,64.4,62.3,62.3,497508.0,862.0,,,,,,
01/17/2023,61.7,64.6,61.7,63.8,1371507.0,1669.0,,,,,,
01/18/2023,64.6,65.5,63.2,63.2,1861958.0,2344.0,,,,,,
01/19/2023,62.6,64.4,62.6,63.9,864960.0,1179.0,,,,,,
01/22/2023,64.9,66.4,63.3,63.3,1276997.0,2304.0,,,,,,
01/23/2023,63.1,63.6,62.7,62.7,437828.0,796.0,,,,,,
01/24/2023,62.1,63.8,62.1,62.1,966722.0,1591.0,,,,,,
01/25/2023,61.6,63.2,61.5,61.7,568896.0,1082.0,,,,,,
01/26/2023,62.5,62.7,61.1,61.1,409603.0,875.0,,,,,,
01/29/2023,61.2,61.5,60.5,60.5,334740.0,611.0,,,,,,
01/30/2023,60.0,60.0,59.9,59.9,62640.0,94.0,,,,,,
01/31/2023,59.4,59.4,59.4,59.4,65028.0,113.0,,,,,,
02/01/2023,58.9,58.9,58.9,58.9,28950.0,76.0,,,,,,
02/02/2023,58.4,60.6,58.4,59.9,495382.0,917.0,,,,,,
02/05/2023,59.9,61.6,59.4,59.4,460876.0,975.0,,,,,,
02/06/2023,58.9,58.9,58.9,58.9,38419.0,107.0,,,,,,
02/07/2023,58.4,59.8,58.4,58.4,126795.0,238.0,,,,,,
02/08/2023,57.9,58.4,57.9,57.9,333465.0,442.0,,,,,,
02/09/2023,57.4,57.5,57.4,57.4,126234.0,267.0,,,,,,
02/12/2023,56.9,57.4,56.9,56.9,84643.0,175.0,,,,,,
02/13/2023,56.4,56.4,56.4,56.4,36230.0,95.0,,,,,,
02/14/2023,55.9,57.4,55.9,55.9,144164.0,364.0,,,,,,
02/15/2023,55.4,55.4,55.4,55.4,34577.0,59.0,,,,,,
02/16/2023,54.9,54.9,54.9,54.9,36937.0,51.0,,,,,,
02/19/2023,54.4,54.4,54.4,54.4,1977.0,13.0,,,,,,
02/20/2023,53.9,53.9,53.9,53.9,12061.0,21.0,,,,,,
02/22/2023,53.4,53.4,53.4,53.4,15031.0,31.0,,,,,,
02/23/2023,52.9,52.9,52.9,52.9,32816.0,33.0,,,,,,
02/26/2023,52.4,52.4,52.4,52.4,29982.0,47.0,,,,,,
02/27/2023,51.9,51.9,51.9,51.9,27915.0,23.0,,,,,,
02/28/2023,51.4,53.8,51.4,53.2,405459.0,779.0,,,,,,
03/01/2023,53.2,54.9,52.7,52.9,257091.0,728.0,,,,,,
03/02/2023,53.0,53.8,50.9,51.3,262617.0,641.0,,,,,,
03/05/2023,51.3,53.4,51.3,53.0,194557.0,553.0,,,,,,
03/06/2023,53.2,55.5,53.1,55.0,514520.0,1009.0,,,,,,
03/07/2023,55.2,57.6,55.2,55.7,450781.0,1047.0,,,,,,
03/09/2023,55.7,56.2,54.1,55.1,489595.0,845.0,,,,,,
03/12/2023,53.1,56.2,52.4,52.9,334129.0,668.0,,,,,,
03/13/2023,54.7,54.7,52.1,53.1,383514.0,732.0,,,,,,
03/14/2023,54.0,54.2,51.5,52.2,243775.0,625.0,,,,,,
03/15/2023,51.6,51.6,48.1,48.4,546949.0,1313.0,,,,,,
03/16/2023,48.4,49.9,48.1,48.5,189752.0,570.0,,,,,,
03/19/2023,48.5,48.9,46.1,46.4,379196.0,860.0,,,,,,
03/20/2023,47.0,47.3,46.2,46.6,128703.0,396.0,,,,,,
03/21/2023,47.0,47.1,46.1,46.7,269177.0,818.0,,,,,,
03/22/2023,46.6,47.2,46.2,46.3,140973.0,331.0,,,,,,
03/23/2023,46.2,46.6,46.1,46.2,116336.0,367.0,,,,,,
03/27/2023,46.2,46.5,46.1,46.1,139073.0,375.0,,,,,,
03/28/2023,46.1,46.1,46.1,46.1,71851.0,223.0,,,,,,
03/29/2023,46.1,46.4,46.1,46.4,168859.0,336.0,,,,,,
03/30/2023,46.7,48.0,46.4,47.6,245483.0,667.0,,,,,,
04/02/2023,47.6,48.7,46.6,48.2,192723.0,502.0,,,,,,
04/03/2023,49.0,49.0,47.5,47.6,234314.0,511.0,,,,,,
04/04/2023,47.6,47.6,46.4,46.7,129973.0,460.0,,,,,,
04/05/2023,46.3,47.3,46.2,46.3,207736.0,466.0,,,,,,
04/06/2023,46.3,46.8,46.3,46.7,139732.0,300.0,,,,,,
04/09/2023,46.3,46.8,46.3,46.7,139732.0,0.0,,,,,,
04/10/2023,46.1,46.4,46.1,46.1,131670.0,284.0,,,,,,
04/11/2023,46.1,46.2,46.1,46.1,48261.0,135.0,,,,,,
04/12/2023,46.1,46.1,46.1,46.1,8434.0,28.0,,,,,,
04/13/2023,46.1,46.1,46.1,46.1,8951.0,21.0,,,,,,
04/16/2023,46.1,46.1,46.1,46.1,5990.0,30.0,,,,,,
04/17/2023,46.1,46.1,46.1,46.1,10738.0,23.0,,,,,,
04/18/2023,46.1,46.1,46.1,46.1,2954.0,14.0,,,,,,
04/24/2023,46.1,46.1,46.1,46.1,3719.0,29.0,,,,,,
04/25/2023,46.1,46.1,46.1,46.1,29834.0,48.0,,,,,,
04/26/2023,46.1,46.1,46.1,46.1,13670.0,40.0,,,,,,
04/27/2023,46.1,46.1,46.1,46.1,27019.0,54.0,,,,,,
04/30/2023,46.1,47.7,46.1,46.3,294835.0,577.0,,,,,,
05/02/2023,46.3,47.0,46.1,46.2,182866.0,436.0,,,,,,
05/03/2023,46.9,46.9,46.1,46.1,206147.0,438.0,,,,,,
05/07/2023,46.1,46.3,46.1,46.1,115387.0,271.0,,,,,,
05/08/2023,46.1,46.1,46.1,46.1,28703.0,75.0,,,,,,
05/09/2023,46.1,46.5,46.1,46.1,252060.0,376.0,,,,,,
05/10/2023,46.1,46.2,46.1,46.1,36859.0,99.0,,,,,,
05/11/2023,46.1,47.3,46.1,46.7,360422.0,605.0,,,,,,
05/14/2023,46.1,46.8,46.1,46.3,101953.0,302.0,,,,,,
05/15/2023,46.1,48.5,46.1,47.5,539778.0,1107.0,,,,,,
05/16/2023,48.8,48.8,47.0,47.7,257168.0,544.0,,,,,,
05/17/2023,47.7,51.1,46.7,50.9,1108253.0,1834.0,,,,,,
05/18/2023,51.1,53.4,50.5,51.9,1016097.0,1770.0,,,,,,
05/21/2023,51.0,52.2,50.2,50.5,691667.0,1115.0,,,,,,
05/22/2023,50.0,51.0,48.9,49.2,339581.0,814.0,,,,,,
05/23/2023,49.2,51.5,48.8,51.2,343354.0,767.0,,,,,,
05/24/2023,51.9,52.9,50.1,50.4,612647.0,1108.0,,,,,,
05/25/2023,50.9,54.0,49.8,53.4,1191084.0,1516.0,,,,,,
05/28/2023,53.4,55.9,53.4,54.9,1099903.0,1748.0,,,,,,
05/29/2023,55.8,55.9,52.8,53.0,666633.0,1159.0,,,,,,
05/30/2023,53.8,53.9,52.2,53.0,430405.0,784.0,,,,,,
05/31/2023,52.8,53.9,51.5,51.6,611277.0,1359.0,,,,,,
06/01/2023,51.2,53.0,51.1,52.0,180348.0,516.0,,,,,,
06/04/2023,53.0,53.0,50.4,50.7,362785.0,925.0,,,,,,
06/05/2023,50.7,51.0,48.0,48.5,554448.0,1165.0,,,,,,
06/06/2023,48.5,49.4,46.2,47.1,266243.0,617.0,,,,,,
06/07/2023,47.0,51.0,46.9,49.8,265995.0,644.0,,,,,,
06/08/2023,50.0,50.9,48.3,48.9,295683.0,681.0,,,,,,
06/11/2023,50.8,50.8,48.4,48.7,332224.0,679.0,,,,,,
06/12/2023,48.1,49.3,47.6,47.7,179044.0,665.0,,,,,,
06/13/2023,49.7,49.9,47.5,47.7,307813.0,608.0,,,,,,
06/14/2023,47.3,48.6,46.6,46.7,146194.0,534.0,,,,,,
06/15/2023,46.7,48.3,46.5,46.9,76938.0,309.0,,,,,,
06/18/2023,46.9,47.7,46.9,47.1,72865.0,231.0,,,,,,
06/19/2023,46.3,49.3,46.3,49.1,161765.0,537.0,,,,,,
06/20/2023,47.2,49.8,47.2,48.0,76374.0,401.0,,,,,,
06/21/2023,48.0,49.0,47.5,48.0,90351.0,345.0,,,,,,
06/22/2023,49.0,49.2,47.8,48.3,88165.0,371.0,,,,,,
06/25/2023,49.4,49.4,47.9,48.3,29803.0,132.0,,,,,,
06/26/2023,48.1,48.7,48.0,48.5,67669.0,263.0,,,,,,
07/02/2023,48.5,48.6,47.4,47.5,152554.0,326.0,,,,,,
07/03/2023,47.1,48.1,47.0,47.1,71838.0,311.0,,,,,,
07/04/2023,47.1,47.8,47.0,47.4,77120.0,308.0,,,,,,
07/05/2023,47.1,47.9,47.1,47.4,132451.0,224.0,,,,,,
07/06/2023,47.5,48.2,46.9,47.7,44548.0,249.0,,,,,,
07/09/2023,47.7,49.1,47.0,48.5,226721.0,479.0,,,,,,
07/10/2023,48.1,49.6,48.1,48.8,334057.0,647.0,,,,,,
07/11/2023,48.0,49.0,48.0,48.6,88495.0,793.0,,,,,,
07/12/2023,47.7,50.4,47.7,49.4,368960.0,825.0,,,,,,
07/13/2023,48.2,49.0,47.8,47.9,240675.0,432.0,,,,,,
07/16/2023,47.9,50.5,47.5,49.7,296069.0,564.0,,,,,,
07/17/2023,48.9,50.6,48.8,49.0,229275.0,566.0,,,,,,
07/18/2023,49.0,49.6,48.2,48.7,121677.0,364.0,,,,,,
07/19/2023,49.5,50.8,49.0,50.3,395379.0,678.0,,,,,,
07/20/2023,50.3,52.2,50.3,51.0,797384.0,1063.0,,,,,,
07/23/2023,50.1,50.5,48.2,49.2,217843.0,556.0,,,,,,
07/24/2023,50.0,51.5,48.3,50.0,614155.0,773.0,,,,,,
07/25/2023,50.0,51.3,48.5,48.8,291582.0,598.0,,,,,,
07/26/2023,48.0,50.1,48.0,49.8,208487.0,545.0,,,,,,
07/27/2023,49.3,52.3,49.0,51.2,1105793.0,1459.0,,,,,,
07/30/2023,51.2,51.9,50.5,51.0,285509.0,568.0,,,,,,
07/31/2023,50.9,51.6,49.6,49.8,479077.0,561.0,,,,,,
08/01/2023,49.5,50.9,49.5,50.2,269360.0,446.0,,,,,,
08/02/2023,49.7,50.8,49.6,50.2,179255.0,499.0,,,,,,
08/03/2023,50.7,51.4,49.6,50.0,336409.0,439.0,,,,,,
08/06/2023,50.3,50.8,49.4,49.6,68872.0,245.0,,,,,,
08/07/2023,49.2,50.0,49.1,49.1,143413.0,223.0,,,,,,
08/08/2023,48.8,49.4,48.4,48.8,64192.0,253.0,,,,,,
08/09/2023,49.5,49.5,48.2,48.3,50684.0,133.0,,,,,,
08/10/2023,48.0,48.8,48.0,48.3,54303.0,230.0,,,,,,
08/13/2023,48.1,49.6,47.7,48.4,106294.0,215.0,,,,,,
08/14/2023,48.2,48.8,47.6,47.7,82177.0,258.0,,,,,,
08/16/2023,47.3,48.3,47.1,47.2,48533.0,179.0,,,,,,
08/17/2023,47.2,48.3,47.2,48.3,30443.0,205.0,,,,,,
08/20/2023,48.3,48.7,47.6,48.1,24754.0,92.0,,,,,,
08/21/2023,48.5,49.1,47.7,48.8,80293.0,193.0,,,,,,
08/22/2023,47.8,49.4,47.8,48.2,54660.0,198.0,,,,,,
08/23/2023,47.9,48.5,47.5,47.7,35224.0,126.0,,,,,,
08/24/2023,47.7,48.0,47.2,47.9,40854.0,80.0,,,,,,
08/27/2023,48.0,48.6,47.6,48.2,38122.0,189.0,,,,,,
08/28/2023,47.9,48.6,47.9,48.2,45896.0,117.0,,,,,,
08/29/2023,47.9,48.0,47.6,47.7,33033.0,118.0,,,,,,
08/30/2023,48.5,48.5,47.3,47.7,29356.0,118.0,,,,,,
08/31/2023,48.0,48.4,47.9,48.1,19569.0,122.0,,,,,,
09/03/2023,48.6,50.0,48.5,49.1,157991.0,418.0,,,,,,
09/04/2023,49.2,50.1,49.0,49.7,147435.0,331.0,,,,,,
09/05/2023,48.5,51.5,48.5,51.0,354096.0,716.0,,,,,,
09/07/2023,51.1,52.0,50.7,50.9,753436.0,999.0,,,,,,
09/10/2023,51.0,51.7,50.0,50.2,339168.0,771.0,,,,,,
09/11/2023,51.6,54.4,50.7,53.9,2111936.0,2610.0,,,,,,
09/12/2023,54.0,55.0,53.5,54.6,736996.0,1282.0,,,,,,
09/13/2023,55.0,56.2,54.1,54.9,1515387.0,2036.0,,,,,,
09/14/2023,54.9,56.3,54.0,55.2,936641.0,1625.0,,,,,,
09/17/2023,55.7,57.3,53.7,54.3,1202031.0,1920.0,,,,,,
09/18/2023,54.3,55.9,53.7,55.1,607150.0,1277.0,,,,,,
09/19/2023,55.5,58.2,55.5,56.3,1354182.0,2215.0,,,,,,
09/20/2023,56.3,57.0,55.1,55.3,658026.0,1157.0,,,,,,
09/21/2023,55.1,56.4,53.7,53.9,680263.0,1122.0,,,,,,
09/24/2023,53.8,54.8,51.6,52.1,339443.0,864.0,,,,,,
09/25/2023,52.1,53.2,49.8,51.2,483011.0,1009.0,,,,,,
09/26/2023,52.7,52.7,51.0,51.1,178939.0,476.0,,,,,,
09/27/2023,51.1,51.4,50.1,50.8,222288.0,446.0,,,,,,
10/01/2023,51.2,51.8,49.0,49.6,392451.0,742.0,,,,,,
10/02/2023,49.7,52.3,48.1,52.0,366209.0,741.0,,,,,,
10/03/2023,52.0,53.1,50.2,50.4,361651.0,709.0,,,,,,
10/04/2023,50.1,51.2,49.3,50.0,147444.0,497.0,,,,,,
10/05/2023,50.0,50.5,49.3,50.2,128461.0,336.0,,,,,,
10/08/2023,49.3,50.0,48.0,48.1,373121.0,547.0,,,,,,
10/09/2023,49.4,49.4,47.4,47.6,120178.0,333.0,,,,,,
10/10/2023,48.5,49.4,48.2,48.5,147696.0,302.0,,,,,,
10/11/2023,48.5,49.0,47.9,48.0,92620.0,303.0,,,,,,
10/12/2023,47.5,49.5,47.5,49.2,117774.0,332.0,,,,,,
10/15/2023,50.0,50.5,49.0,49.2,127616.0,380.0,,,,,,
10/16/2023,49.1,49.8,48.5,48.7,146031.0,312.0,,,,,,
10/17/2023,48.7,49.3,48.0,48.1,207949.0,494.0,,,,,,
10/18/2023,49.0,49.1,48.1,48.6,96195.0,221.0,,,,,,
10/19/2023,48.5,49.9,48.5,49.7,157755.0,463.0,,,,,,
10/22/2023,49.9,50.3,48.8,49.2,179249.0,483.0,,,,,,
10/23/2023,49.0,49.8,48.4,49.4,79264.0,180.0,,,,,,
10/25/2023,50.5,54.3,50.5,52.3,1243286.0,2027.0,,,,,,
10/26/2023,52.1,54.3,51.7,53.1,487875.0,1082.0,,,,,,
10/29/2023,53.9,56.2,52.0,55.4,669832.0,1223.0,,,,,,
10/30/2023,55.5,56.4,54.6,54.8,704117.0,1364.0,,,,,,
10/31/2023,54.8,60.2,54.8,58.9,1599584.0,2402.0,,,,,,
11/01/2023,58.7,59.9,58.0,58.4,790822.0,1433.0,,,,,,
11/02/2023,58.4,59.5,57.3,59.0,823899.0,1534.0,,,,,,
11/05/2023,59.3,62.5,59.3,60.9,1219494.0,2155.0,,,,,,
11/06/2023,60.5,61.5,58.6,58.9,780499.0,1336.0,,,,,,
11/07/2023,58.9,60.3,57.4,57.7,905846.0,1501.0,,,,,,
11/08/2023,58.0,58.8,56.2,56.6,454032.0,1145.0,,,,,,
11/09/2023,56.7,58.1,56.1,56.5,451042.0,871.0,,,,,,
11/12/2023,56.4,57.5,53.1,54.4,345053.0,678.0,,,,,,
11/13/2023,53.1,55.7,53.1,54.4,260353.0,822.0,,,,,,
11/14/2023,54.7,56.9,54.6,56.1,315269.0,731.0,,,,,,
11/15/2023,56.0,56.0,54.4,54.8,384630.0,838.0,,,,,,
11/16/2023,54.8,55.9,54.3,55.5,257519.0,579.0,,,,,,
11/19/2023,55.5,56.4,54.2,54.5,256691.0,631.0,,,,,,
11/20/2023,54.4,54.6,51.6,52.8,298117.0,653.0,,,,,,
11/21/2023,52.8,53.5,51.3,51.7,237554.0,694.0,,,,,,
11/22/2023,51.7,53.5,51.7,52.8,177919.0,560.0,,,,,,
11/23/2023,53.0,53.2,51.7,52.0,236747.0,567.0,,,,,,
11/26/2023,52.0,52.4,51.0,51.2,207212.0,481.0,,,,,,
11/27/2023,51.7,51.7,49.9,50.2,172296.0,463.0,,,,,,
11/28/2023,50.2,51.3,49.5,49.8,185356.0,536.0,,,,,,
11/29/2023,49.8,51.6,49.8,51.4,121937.0,505.0,,,,,,
11/30/2023,52.4,52.4,50.9,51.4,138867.0,467.0,,,,,,
12/03/2023,51.4,52.3,50.2,51.5,141305.0,428.0,,,,,,
12/04/2023,51.8,53.7,51.8,52.9,305597.0,778.0,,,,,,
12/05/2023,53.1,53.3,51.9,52.3,200312.0,515.0,,,,,,
12/06/2023,51.8,53.1,51.8,52.4,248753.0,622.0,,,,,,
12/07/2023,52.3,52.8,51.5,52.0,239690.0,574.0,,,,,,
12/10/2023,52.0,52.6,51.0,51.3,283393.0,888.0,,,,,,
12/11/2023,51.8,53.3,51.2,53.0,259961.0,754.0,,,,,,
12/12/2023,52.9,53.5,51.9,52.1,258869.0,526.0,,,,,,
12/13/2023,52.3,55.5,52.3,54.2,989660.0,1948.0,,,,,,
12/14/2023,54.0,54.2,53.0,53.1,234457.0,632.0,,,,,,
12/17/2023,52.7,53.6,51.5,51.7,262621.0,601.0,,,,,,
12/18/2023,51.5,52.3,51.5,51.8,111828.0,342.0,,,,,,
12/19/2023,51.8,52.4,51.5,51.7,118823.0,365.0,,,,,,
12/20/2023,51.6,53.0,51.6,52.5,240228.0,545.0,,,,,,
12/21/2023,52.2,54.1,52.2,52.4,306680.0,845.0,,,,,,
12/24/2023,52.3,52.6,51.4,51.5,131434.0,477.0,,,,,,
12/26/2023,50.8,52.0,50.8,51.4,108658.0,458.0,,,,,,
12/27/2023,51.4,52.5,51.4,52.1,110248.0,387.0,,,,,,
12/28/2023,51.7,53.9,51.7,52.6,255496.0,700.0,,,,,,
01/01/2024,52.6,54.5,52.6,54.1,351476.0,711.0,,,,,,
01/02/2024,55.4,55.7,53.1,53.4,362416.0,703.0,,,,,,
01/03/2024,54.0,54.0,52.8,53.3,170618.0,333.0,,,,,,
01/04/2024,53.0,54.7,52.8,54.4,376963.0,651.0,,,,,,
01/08/2024,54.4,55.8,54.4,55.3,443246.0,832.0,,,,,,
01/09/2024,55.3,55.3,53.8,54.1,208014.0,466.0,,,,,,
01/10/2024,53.1,54.8,53.1,54.4,194632.0,428.0,,,,,,
01/11/2024,55.1,55.4,54.6,54.8,343461.0,630.0,,,,,,
01/14/2024,55.1,56.2,54.8,55.2,324477.0,863.0,,,,,,
01/15/2024,55.2,55.8,54.6,55.6,315889.0,725.0,,,,,,
01/16/2024,55.6,56.5,54.7,55.0,490072.0,874.0,,,,,,
01/17/2024,55.0,55.8,54.7,54.9,343746.0,525.0,,,,,,
01/18/2024,55.0,55.3,54.6,54.7,154925.0,385.0,,,,,,
01/21/2024,52.1,55.0,52.0,54.3,321821.0,452.0,,,,,,
01/22/2024,54.3,55.5,54.3,55.0,324263.0,563.0,,,,,,
01/23/2024,54.3,55.3,54.2,54.4,281660.0,494.0,,,,,,
01/24/2024,53.5,54.9,53.1,53.2,175578.0,413.0,,,,,,
01/25/2024,54.0,54.4,53.3,53.8,130391.0,292.0,,,,,,
01/28/2024,53.4,55.5,53.0,53.4,226992.0,639.0,,,,,,
01/29/2024,53.1,54.0,52.8,53.1,120926.0,412.0,,,,,,
01/30/2024,53.5,53.8,52.8,53.1,131184.0,407.0,,,,,,
01/31/2024,53.3,55.2,53.2,53.8,278499.0,724.0,,,,,,
02/01/2024,54.0,54.4,53.3,53.7,160496.0,536.0,,,,,,
02/04/2024,55.0,57.0,53.1,56.5,995302.0,1595.0,,,,,,
02/05/2024,57.0,58.7,56.6,57.2,788137.0,1262.0,,,,,,
02/06/2024,57.1,57.1,55.8,56.0,404267.0,781.0,,,,,,
02/07/2024,55.5,56.8,55.5,56.2,329865.0,588.0,,,,,,
02/08/2024,58.0,59.5,56.3,56.9,1428178.0,1644.0,,,,,,
02/11/2024,57.0,57.5,55.8,56.0,293497.0,591.0,,,,,,
02/12/2024,55.5,56.5,54.2,54.9,437911.0,793.0,,,,,,
02/13/2024,54.1,55.4,53.5,53.9,234736.0,542.0,,,,,,
02/14/2024,54.0,54.8,53.5,53.6,145451.0,339.0,,,,,,
02/15/2024,53.7,54.5,53.1,53.6,160339.0,512.0,,,,,,
02/18/2024,54.6,56.3,54.2,54.5,345914.0,854.0,,,,,,
02/19/2024,55.0,56.8,54.5,54.6,361047.0,697.0,,,,,,
02/20/2024,54.4,56.1,54.4,55.6,315996.0,615.0,,,,,,
02/22/2024,55.0,57.0,55.0,55.5,278659.0,626.0,,,,,,
02/25/2024,55.1,56.3,55.1,55.6,215775.0,427.0,,,,,,
02/27/2024,55.4,56.4,55.3,56.2,332193.0,694.0,,,,,,
02/28/2024,55.3,56.6,55.3,56.3,310764.0,680.0,,,,,,
02/29/2024,56.7,57.4,55.6,56.3,457077.0,775.0,,,,,,
03/03/2024,56.3,56.3,56.3,56.3,457077.0,0.0,,,,,,
03/04/2024,54.4,55.9,54.4,54.8,153222.0,425.0,,,,,,
03/05/2024,54.7,56.6,54.6,55.1,228161.0,462.0,,,,,,
03/06/2024,54.5,56.3,54.5,55.9,169331.0,448.0,,,,,,
03/07/2024,55.7,56.7,54.7,54.9,97951.0,302.0,,,,,,
03/10/2024,53.6,54.8,53.2,53.6,72692.0,231.0,,,,,,
03/11/2024,53.3,53.7,52.0,52.4,108802.0,232.0,,,,,,
03/12/2024,52.3,52.9,51.0,51.3,146652.0,311.0,,,,,,
03/13/2024,51.4,52.7,51.0,52.0,72763.0,142.0,,,,,,
03/14/2024,52.2,53.0,52.2,52.5,68400.0,203.0,,,,,,
03/18/2024,52.0,52.4,51.1,51.3,51552.0,160.0,,,,,,
03/19/2024,50.2,51.2,49.4,49.9,105288.0,245.0,,,,,,
03/20/2024,53.9,53.9,50.1,50.5,39798.0,136.0,,,,,,
03/21/2024,53.8,53.8,50.5,51.0,38966.0,180.0,,,,,,
03/24/2024,50.7,52.0,49.9,50.0,38890.0,227.0,,,,,,
03/25/2024,49.6,50.6,48.8,49.4,29546.0,135.0,,,,,,
03/27/2024,48.0,50.6,48.0,48.8,22306.0,133.0,,,,,,
03/28/2024,48.3,50.5,48.3,50.3,38572.0,172.0,,,,,,
03/31/2024,49.1,50.7,49.1,49.7,15105.0,88.0,,,,,,
04/01/2024,49.9,50.2,48.6,48.7,76027.0,299.0,,,,,,
04/02/2024,48.7,49.7,47.9,48.5,37309.0,138.0,,,,,,
04/03/2024,48.2,50.9,48.2,49.9,39078.0,192.0,,,,,,
04/04/2024,49.3,50.4,49.1,49.8,19306.0,133.0,,,,,,
04/08/2024,48.5,51.8,48.5,50.8,7091.0,93.0,,,,,,
04/09/2024,49.7,51.5,49.7,50.8,63581.0,222.0,,,,,,
04/15/2024,50.3,50.8,49.2,49.4,18108.0,147.0,,,,,,
04/16/2024,49.1,50.6,48.0,49.1,40439.0,198.0,,,,,,
04/17/2024,50.9,50.9,48.0,48.2,67507.0,276.0,,,,,,
04/18/2024,48.0,48.7,47.6,47.8,35238.0,204.0,,,,,,
04/21/2024,47.7,48.5,47.1,47.2,29565.0,136.0,,,,,,
04/22/2024,48.3,48.5,47.3,48.0,67959.0,185.0,,,,,,
04/23/2024,48.9,48.9,46.0,46.2,35537.0,211.0,,,,,,
04/24/2024,47.8,47.8,45.8,45.9,24819.0,152.0,,,,,,
04/25/2024,45.9,46.0,44.6,44.6,40001.0,141.0,,,,,,
04/28/2024,44.1,46.0,44.0,45.8,30569.0,142.0,,,,,,
04/29/2024,45.1,46.0,44.5,44.7,47684.0,193.0,,,,,,
04/30/2024,44.1,46.0,44.1,45.8,33843.0,181.0,,,,,,
05/02/2024,46.0,47.4,44.5,46.0,48118.0,130.0,,,,,,
05/05/2024,46.2,48.9,46.2,48.0,80914.0,273.0,,,,,,
05/06/2024,48.2,48.6,47.8,48.3,47938.0,231.0,,,,,,
05/07/2024,47.3,50.9,47.3,49.9,153959.0,396.0,,,,,,
05/08/2024,49.0,51.0,49.0,49.5,111471.0,324.0,,,,,,
05/09/2024,49.3,50.0,48.6,49.1,40657.0,150.0,,,,,,
05/12/2024,49.8,50.2,48.2,49.8,72382.0,212.0,,,,,,
05/13/2024,49.9,52.3,49.9,51.2,161059.0,484.0,,,,,,
05/14/2024,51.0,51.2,49.7,49.7,66819.0,145.0,,,,,,
05/15/2024,48.3,48.7,48.3,48.3,104541.0,189.0,,,,,,
05/16/2024,48.3,48.6,47.0,47.8,35915.0,186.0,,,,,,
05/19/2024,47.7,47.7,46.4,46.4,24296.0,147.0,,,,,,
05/20/2024,46.1,46.7,45.1,45.9,16431.0,135.0,,,,,,
05/21/2024,46.5,48.4,45.0,45.6,30228.0,148.0,,,,,,
05/23/2024,45.7,45.7,44.3,44.4,31580.0,145.0,,,,,,
05/26/2024,43.4,44.1,43.1,43.1,45217.0,201.0,,,,,,
05/27/2024,43.1,44.5,42.2,44.0,28796.0,117.0,,,,,,
05/28/2024,44.6,44.6,43.6,43.9,35554.0,153.0,,,,,,
05/29/2024,44.6,45.4,43.5,45.0,74068.0,489.0,,,,,,
05/30/2024,45.0,45.0,45.0,45.0,74068.0,0.0,,,,,,
06/02/2024,43.7,44.5,43.7,43.7,32917.0,166.0,,,,,,
06/03/2024,42.4,44.1,42.4,43.7,34297.0,172.0,,,,,,
06/04/2024,43.3,44.6,43.0,43.1,75833.0,426.0,,,,,,
06/05/2024,43.5,44.3,43.3,43.6,34277.0,127.0,,,,,,
06/06/2024,44.3,44.3,42.3,43.3,38129.0,122.0,,,,,,
06/09/2024,43.3,43.6,42.2,42.6,233887.0,310.0,,,,,,
06/10/2024,42.6,43.2,41.4,42.8,63710.0,221.0,,,,,,
06/11/2024,42.8,44.3,41.6,43.6,42843.0,175.0,,,,,,
06/12/2024,43.6,47.0,43.5,45.7,121140.0,264.0,,,,,,
06/13/2024,45.7,47.9,44.5,47.0,44733.0,228.0,,,,,,
06/19/2024,48.0,48.5,45.6,47.7,59011.0,0.0,,,,,,
06/20/2024,47.7,49.0,46.5,48.6,106831.0,224.0,,,,,,
06/23/2024,47.6,48.5,47.5,47.5,636353.0,143.0,,,,,,
06/24/2024,46.6,47.6,46.5,46.6,19599.0,85.0,,,,,,
06/25/2024,46.7,48.8,46.0,48.3,127824.0,626.0,,,,,,
06/26/2024,47.2,49.2,47.2,48.9,121664.0,217.0,,,,,,
06/27/2024,48.6,49.4,48.5,48.5,81096.0,199.0,,,,,,
06/30/2024,47.1,49.5,47.1,48.9,51706.0,698.0,,,,,,
07/02/2024,50.2,50.2,48.2,48.9,75371.0,198.0,,,,,,
07/03/2024,49.0,49.5,48.0,48.4,51272.0,176.0,,,,,,
07/04/2024,47.6,49.7,47.6,48.4,89183.0,199.0,,,,,,
07/07/2024,48.5,49.6,48.5,49.5,132453.0,177.0,,,,,,
07/08/2024,49.5,51.5,49.3,51.1,297070.0,538.0,,,,,,
07/09/2024,51.5,51.5,50.5,51.0,133843.0,277.0,,,,,,
07/10/2024,49.5,50.9,49.5,49.6,159656.0,417.0,,,,,,
07/11/2024,49.5,49.9,48.2,48.3,117827.0,294.0,,,,,,
07/14/2024,48.0,49.0,47.1,47.6,28710.0,135.0,,,,,,
07/15/2024,47.7,48.6,47.2,47.4,52347.0,208.0,,,,,,
07/16/2024,49.0,51.1,49.0,50.7,337437.0,1044.0,,,,,,
07/18/2024,50.0,52.4,49.2,50.4,201339.0,511.0,,,,,,
07/24/2024,49.0,49.9,48.9,48.9,68095.0,143.0,,,,,,
07/25/2024,48.3,49.6,47.6,49.1,82283.0,205.0,,,,,,
07/28/2024,49.0,49.4,48.1,48.2,95039.0,0.0,,,,,,
07/29/2024,48.1,49.0,46.8,47.1,82398.0,215.0,,,,,,
07/30/2024,46.0,47.1,45.8,46.2,33899.0,160.0,,,,,,
07/31/2024,50.5,50.5,45.8,47.2,30235.0,121.0,,,,,,
08/01/2024,47.4,49.5,47.0,49.2,105894.0,262.0,,,,,,
08/04/2024,48.4,48.4,47.8,47.8,66338.0,91.0,,,,,,
08/06/2024,52.5,52.5,50.2,52.5,396553.0,287.0,,,,,,
08/07/2024,53.5,56.9,53.5,55.8,632362.0,979.0,,,,,,
08/08/2024,56.9,58.5,54.2,57.3,773862.0,1009.0,,,,,,
08/11/2024,58.0,58.2,55.6,55.6,593072.0,796.0,,,,,,
08/12/2024,55.5,55.5,54.0,54.0,119876.0,237.0,,,,,,
08/13/2024,53.6,53.6,52.4,52.4,174032.0,328.0,,,,,,
08/14/2024,51.5,53.7,51.5,53.2,120728.0,335.0,,,,,,
08/15/2024,52.0,54.8,51.7,51.8,152442.0,325.0,,,,,,
08/18/2024,51.7,53.2,50.3,50.5,51715.0,279.0,,,,,,
08/19/2024,49.6,53.0,49.5,50.9,52922.0,207.0,,,,,,
08/20/2024,52.8,52.8,50.1,50.4,34458.0,222.0,,,,,,
08/21/2024,49.8,50.5,48.9,48.9,83470.0,270.0,,,,,,
08/22/2024,47.6,49.9,47.6,49.1,97351.0,333.0,,,,,,
08/25/2024,53.8,53.8,48.8,49.3,87546.0,315.0,,,,,,
08/27/2024,49.3,51.0,48.5,49.3,76117.0,211.0,,,,,,
08/28/2024,49.4,52.0,49.1,51.5,86275.0,372.0,,,,,,
08/29/2024,50.6,53.2,50.6,52.5,147292.0,389.0,,,,,,
09/01/2024,51.1,53.5,51.1,53.0,105797.0,329.0,,,,,,
09/02/2024,52.1,53.8,50.2,51.1,107940.0,0.0,,,,,,
09/03/2024,50.3,51.7,50.3,50.7,32307.0,0.0,,,,,,
09/04/2024,50.3,51.9,50.0,50.1,76861.0,0.0,,,,,,
09/05/2024,50.0,51.0,49.0,49.6,82091.0,0.0,,,,,,
09/08/2024,49.6,51.3,48.0,48.8,127463.0,0.0,,,,,,
09/09/2024,51.6,51.6,48.0,48.0,44490.0,162.0,,,,,,
09/10/2024,47.8,50.4,48.0,48.3,29206.0,147.0,,,,,,
09/11/2024,48.3,49.7,48.0,48.3,40937.0,137.0,,,,,,
09/12/2024,49.9,50.0,48.0,49.9,48882.0,180.0,,,,,,
09/15/2024,48.5,51.0,48.0,48.6,38525.0,135.0,,,,,,
09/17/2024,49.9,50.0,49.0,49.3,32031.0,147.0,,,,,,
09/18/2024,48.8,49.9,49.0,49.2,16098.0,104.0,,,,,,
09/19/2024,48.9,49.8,48.0,49.2,30909.0,187.0,,,,,,
09/22/2024,50.5,50.5,49.0,49.0,63258.0,256.0,,,,,,
09/23/2024,49.4,49.5,49.0,49.3,13446.0,101.0,,,,,,
09/24/2024,50.0,50.0,47.0,48.3,94131.0,220.0,,,,,,
09/25/2024,48.9,48.9,46.0,46.4,46627.0,223.0,,,,,,
09/26/2024,48.7,48.7,45.0,45.6,37803.0,176.0,,,,,,
09/29/2024,46.5,48.0,45.0,45.1,27151.0,140.0,,,,,,
09/30/2024,45.0,46.4,45.0,45.3,23124.0,183.0,,,,,,
10/01/2024,48.0,48.0,45.0,45.1,26620.0,140.0,,,,,,
10/02/2024,46.5,46.5,43.0,43.4,36746.0,171.0,,,,,,
10/03/2024,44.8,44.8,43.0,43.4,24055.0,89.0,,,,,,
10/06/2024,45.0,45.0,44.0,43.8,23554.0,90.0,,,,,,
10/07/2024,43.6,44.2,43.0,43.8,16502.0,98.0,,,,,,
10/08/2024,44.8,44.8,43.0,43.4,5042.0,52.0,,,,,,
10/09/2024,43.0,44.9,43.0,44.3,21169.0,116.0,,,,,,
10/14/2024,44.2,46.0,44.0,44.9,9650.0,68.0,,,,,,
10/15/2024,44.3,45.5,44.3,44.6,11753.0,63.0,,,,,,
10/16/2024,45.5,45.5,44.0,44.4,35983.0,116.0,,,,,,
10/17/2024,45.4,45.4,43.0,43.6,50761.0,128.0,,,,,,
10/20/2024,43.2,43.8,40.0,40.3,48761.0,169.0,,,,,,
10/21/2024,40.4,40.4,37.0,38.3,54319.0,175.0,,,,,,
10/22/2024,40.0,41.4,38.0,41.1,57767.0,142.0,,,,,,
10/23/2024,41.7,41.7,39.0,40.5,67682.0,141.0,,,,,,
10/24/2024,38.6,41.5,39.0,38.7,24996.0,90.0,,,,,,
10/27/2024,40.7,40.7,38.0,37.7,39580.0,126.0,,,,,,
10/28/2024,36.8,38.7,36.0,36.2,18052.0,123.0,,,,,,
10/29/2024,36.2,39.3,36.0,38.6,15566.0,90.0,,,,,,
10/30/2024,39.4,42.4,38.0,42.4,84831.0,168.0,,,,,,
10/31/2024,42.4,42.9,41.0,42.3,67039.0,171.0,,,,,,
11/03/2024,42.4,44.0,42.0,41.9,22950.0,136.0,,,,,,
11/04/2024,42.4,42.4,41.0,42.0,31859.0,112.0,,,,,,
11/05/2024,43.0,43.4,42.0,42.9,87368.0,195.0,,,,,,
11/06/2024,42.6,43.3,42.0,42.2,49571.0,192.0,,,,,,
11/07/2024,41.5,43.0,41.0,41.3,39444.0,175.0,,,,,,
11/10/2024,41.5,41.5,40.0,40.4,19922.0,98.0,,,,,,
11/11/2024,38.6,42.0,39.0,41.6,32532.0,109.0,,,,,,
11/12/2024,41.9,44.5,42.0,43.6,117464.0,337.0,,,,,,
11/13/2024,42.8,45.5,43.0,44.5,101183.0,258.0,,,,,,
11/14/2024,45.0,46.5,43.0,44.6,134639.0,354.0,,,,,,
11/17/2024,44.4,45.9,44.0,45.6,68228.0,225.0,,,,,,
11/18/2024,45.0,47.0,45.0,46.1,177452.0,439.0,,,,,,
11/19/2024,47.0,47.2,45.5,45.6,83955.0,261.0,,,,,,
11/20/2024,46.4,46.4,43.1,43.9,66112.0,254.0,,,,,,
11/21/2024,43.5,46.3,41.7,42.1,66857.0,282.0,,,,,,
11/24/2024,42.2,43.4,41.6,41.8,14177.0,118.0,,,,,,
11/25/2024,43.3,43.4,41.1,42.0,23618.0,121.0,,,,,,
11/26/2024,42.0,43.2,42.0,42.1,29152.0,130.0,,,,,,
11/27/2024,42.2,43.4,42.0,42.3,25415.0,140.0,,,,,,
11/28/2024,43.0,43.6,42.3,42.5,24035.0,132.0,,,,,,
12/01/2024,42.0,43.7,42.0,43.0,17585.0,103.0,,,,,,
12/02/2024,43.0,43.8,42.8,43.0,31910.0,128.0,,,,,,
12/03/2024,43.0,43.7,43.0,43.1,19821.0,129.0,,,,,,
12/04/2024,43.5,43.7,43.0,43.1,34682.0,84.0,,,,,,
12/05/2024,43.0,43.5,42.5,42.7,3771.0,60.0,,,,,,
12/08/2024,43.0,43.0,41.2,42.1,48527.0,162.0,,,,,,
12/09/2024,42.1,42.9,41.8,42.0,17018.0,83.0,,,,,,
12/10/2024,44.9,44.9,42.0,42.8,30441.0,90.0,,,,,,
12/11/2024,43.2,43.3,42.1,42.5,12048.0,131.0,,,,,,
12/12/2024,43.2,43.2,41.9,42.3,9300.0,91.0,,,,,,
12/15/2024,41.6,43.4,41.6,42.5,14083.0,111.0,,,,,,
12/17/2024,42.2,43.3,42.2,42.5,58364.0,156.0,,,,,,
12/18/2024,43.5,43.5,42.4,42.6,14577.0,78.0,,,,,,
12/19/2024,42.6,43.1,42.0,42.6,41285.0,131.0,,,,,,
12/22/2024,43.2,43.3,42.3,42.5,8752.0,75.0,,,,,,
12/23/2024,43.7,43.8,42.4,42.5,2969.0,41.0,,,,,,
12/24/2024,42.4,42.9,42.2,42.5,31973.0,90.0,,,,,,
12/26/2024,42.0,42.9,41.5,41.6,27304.0,105.0,,,,,,
12/29/2024,42.8,42.8,41.8,42.1,31378.0,119.0,,,,,,
12/30/2024,41.8,43.3,41.8,43.0,27673.0,104.0,,,,,,
01/01/2025,42.4,43.0,42.1,42.9,23653.0,60.0,,,,,,
01/02/2025,43.6,43.6,41.6,42.0,7204.0,69.0,,,,,,
01/05/2025,42.0,43.0,41.0,41.5,53530.0,144.0,,,,,,
01/06/2025,42.0,42.5,41.2,42.3,6390.0,130.0,,,,,,
01/07/2025,43.0,43.0,41.7,41.7,10209.0,62.0,,,,,,
01/08/2025,41.6,42.7,41.5,41.6,25815.0,81.0,,,,,,
01/09/2025,41.6,42.4,41.6,41.7,3204.0,31.0,,,,,,
01/12/2025,42.0,42.8,41.2,41.5,16389.0,102.0,,,,,,
01/13/2025,40.9,41.7,40.9,41.0,12985.0,76.0,,,,,,
01/14/2025,40.3,41.8,40.3,40.9,38918.0,120.0,,,,,,
01/15/2025,40.7,42.0,40.5,40.8,30747.0,93.0,,,,,,
01/16/2025,40.2,42.8,40.0,41.0,11661.0,71.0,,,,,,
01/19/2025,41.0,42.6,41.0,41.6,109065.0,287.0,,,,,,
01/20/2025,41.4,42.7,41.4,42.1,8260.0,39.0,,,,,,
01/21/2025,41.2,42.5,41.2,42.0,21616.0,110.0,,,,,,
01/22/2025,42.5,42.5,41.3,41.5,6132.0,95.0,,,,,,
01/23/2025,42.5,42.5,41.0,41.1,18612.0,115.0,,,,,,
01/26/2025,42.0,42.0,39.4,40.1,44066.0,163.0,,,,,,
01/27/2025,40.1,41.5,39.7,40.6,3388.0,43.0,,,,,,
01/28/2025,40.2,41.1,40.2,40.9,48901.0,165.0,,,,,,
01/29/2025,41.0,41.8,40.8,41.5,72379.0,199.0,,,,,,
01/30/2025,42.6,42.6,41.0,41.2,34165.0,114.0,,,,,,
02/02/2025,41.2,42.0,41.1,41.6,33672.0,149.0,,,,,,
02/03/2025,41.9,41.9,41.3,41.5,20676.0,123.0,,,,,,
02/04/2025,41.8,41.8,41.4,41.5,33043.0,153.0,,,,,,
02/05/2025,41.9,41.9,41.5,41.6,63493.0,143.0,,,,,,
02/06/2025,43.8,45.6,42.2,42.6,189154.0,424.0,,,,,,
02/09/2025,43.0,43.0,42.0,42.2,73004.0,220.0,,,,,,
02/10/2025,42.5,42.5,41.6,41.7,68689.0,209.0,,,,,,
02/11/2025,41.7,42.4,41.5,42.1,43824.0,150.0,,,,,,
02/12/2025,42.4,42.5,41.6,41.7,13892.0,102.0,,,,,,
02/13/2025,42.0,42.0,41.7,41.8,20370.0,90.0,,,,,,
02/16/2025,42.5,42.5,41.4,41.5,32639.0,143.0,,,,,,
02/17/2025,41.5,41.8,41.3,41.5,53972.0,146.0,,,,,,
02/18/2025,41.3,42.2,41.3,41.8,50234.0,152.0,,,,,,
02/19/2025,42.0,42.2,41.7,42.1,48772.0,144.0,,,,,,
02/20/2025,41.8,42.2,41.7,42.1,39009.0,173.0,,,,,,
02/23/2025,42.9,42.9,41.8,42.7,30042.0,152.0,,,,,,
02/24/2025,42.6,42.7,42.2,42.4,52344.0,142.0,,,,,,
02/25/2025,42.1,42.8,42.1,42.4,76222.0,183.0,,,,,,
02/26/2025,42.8,42.8,41.9,42.1,81001.0,194.0,,,,,,
02/27/2025,42.1,42.1,42.1,42.1,0.0,0.0,,,,,,
03/02/2025,39.2,41.2,39.2,39.8,44238.0,276.0,,,,,,
03/03/2025,40.8,40.8,39.6,39.9,22077.0,88.0,,,,,,
03/04/2025,39.8,40.3,39.8,39.9,7635.0,48.0,,,,,,
03/05/2025,39.9,40.3,39.1,39.4,15781.0,108.0,,,,,,
03/06/2025,39.5,39.8,39.4,39.5,14776.0,64.0,,,,,,
03/09/2025,39.9,40.0,38.0,38.2,32831.0,133.0,,,,,,
03/10/2025,38.1,39.8,38.1,38.9,11004.0,64.0,,,,,,
03/11/2025,39.0,40.1,38.8,39.9,73724.0,232.0,,,,,,
03/12/2025,39.9,40.3,39.9,40.2,19890.0,129.0,,,,,,
03/13/2025,40.8,40.9,39.9,40.8,77877.0,147.0,,,,,,
03/16/2025,41.0,42.4,40.1,41.0,84479.0,189.0,,,,,,
03/17/2025,41.3,41.4,40.8,41.0,70835.0,91.0,,,,,,
03/18/2025,41.0,41.4,40.2,40.4,34381.0,140.0,,,,,,
03/19/2025,40.4,41.1,39.9,40.3,32563.0,83.0,,,,,,
03/20/2025,41.0,41.0,39.8,39.9,20665.0,79.0,,,,,,
03/23/2025,40.5,40.5,39.4,39.6,17656.0,85.0,,,,,,
03/24/2025,41.0,41.0,39.2,39.4,11992.0,78.0,,,,,,
03/25/2025,39.4,40.7,39.4,39.7,10335.0,58.0,,,,,,
03/27/2025,40.6,40.6,38.9,39.0,53300.0,150.0,,,,,,
04/06/2025,39.0,41.9,39.0,39.4,22408.0,100.0,,,,,,
04/07/2025,39.2,40.1,39.0,40.0,74738.0,200.0,,,,,,
04/08/2025,40.0,41.2,40.0,40.1,55284.0,152.0,,,,,,
04/09/2025,41.0,41.0,40.1,40.2,26001.0,95.0,,,,,,
04/10/2025,40.8,41.3,39.1,41.0,130649.0,194.0,,,,,,
04/13/2025,41.5,41.5,40.4,40.8,7995.0,43.0,,,,,,
04/15/2025,40.4,41.1,40.0,40.2,38108.0,146.0,,,,,,
04/16/2025,40.0,41.0,40.0,40.4,49976.0,112.0,,,,,,
04/17/2025,41.0,41.0,40.0,40.2,16407.0,70.0,,,,,,
04/20/2025,44.2,44.2,44.2,44.2,197388.0,166.0,,,,,,
04/21/2025,48.6,48.6,45.7,46.1,734288.0,1376.0,,,,,,
04/22/2025,45.7,46.8,45.0,46.5,345287.0,621.0,,,,,,
04/23/2025,46.7,48.6,46.4,46.9,613084.0,1203.0,,,,,,
04/24/2025,46.4,46.7,45.1,45.5,164890.0,411.0,,,,,,
04/27/2025,45.2,46.5,44.6,46.3,142224.0,362.0,,,,,,
04/28/2025,46.8,46.8,44.5,44.9,150355.0,337.0,,,,,,
04/29/2025,46.0,46.0,43.5,43.8,158689.0,365.0,,,,,,
04/30/2025,43.1,45.6,43.1,44.5,190789.0,429.0,,,,,,
05/04/2025,44.0,46.1,44.0,45.8,77615.0,249.0,,,,,,
05/05/2025,45.2,46.5,45.0,45.9,242936.0,428.0,,,,,,
05/06/2025,46.7,46.7,44.0,45.4,177461.0,244.0,,,,,,
05/07/2025,44.1,44.8,42.7,42.8,148627.0,277.0,,,,,,
05/08/2025,44.0,44.1,43.0,43.6,23100.0,105.0,,,,,,
05/12/2025,44.0,45.6,43.4,44.9,154317.0,340.0,,,,,,
05/13/2025,45.5,45.6,44.6,44.8,56993.0,209.0,,,,,,
05/14/2025,45.1,45.3,43.1,43.4,44148.0,183.0,,,,,,
05/15/2025,44.6,44.6,42.2,42.3,36843.0,153.0,,,,,,
05/17/2025,44.0,44.0,42.0,42.3,69801.0,194.0,,,,,,
05/18/2025,43.8,43.8,42.5,42.7,83689.0,223.0,,,,,,
05/19/2025,43.7,43.7,41.7,42.6,66794.0,153.0,,,,,,
05/20/2025,42.3,43.2,42.0,42.6,41801.0,191.0,,,,,,
05/21/2025,42.3,43.4,42.0,42.1,48209.0,108.0,,,,,,
05/22/2025,42.9,42.9,42.1,42.4,16068.0,78.0,,,,,,
05/24/2025,42.8,42.8,41.7,41.8,32969.0,80.0,,,,,,
05/25/2025,42.9,42.9,41.5,41.8,28121.0,132.0,,,,,,
05/26/2025,41.2,42.5,41.2,41.4,53477.0,163.0,,,,,,
05/27/2025,41.7,42.5,41.4,41.8,24338.0,147.0,,,,,,
05/28/2025,40.0,42.5,40.0,41.2,79894.0,183.0,,,,,,
05/29/2025,42.2,43.0,41.1,42.0,51752.0,145.0,,,,,,
06/01/2025,42.9,43.1,42.0,42.9,46984.0,244.0,,,,,,
06/02/2025,44.5,44.5,42.6,43.3,43533.0,147.0,,,,,,
06/03/2025,42.5,43.8,42.0,42.4,52464.0,76.0,,,,,,
06/04/2025,42.5,43.2,42.0,43.0,15008.0,58.0,,,,,,
06/15/2025,41.5,42.7,41.5,42.3,18803.0,58.0,,,,,,
06/16/2025,43.4,43.4,42.0,43.3,33110.0,142.0,,,,,,
06/17/2025,43.5,43.8,42.6,42.9,37550.0,106.0,,,,,,
06/18/2025,43.8,44.0,42.4,43.9,68957.0,118.0,,,,,,
06/19/2025,44.4,44.4,43.1,43.8,31065.0,98.0,,,,,,
06/22/2025,42.7,42.9,42.0,42.3,16683.0,103.0,,,,,,
06/23/2025,41.6,42.8,41.6,42.5,22287.0,105.0,,,,,,
06/24/2025,42.5,43.7,42.5,42.7,35623.0,102.0,,,,,,
06/25/2025,43.7,43.7,42.7,43.5,30626.0,75.0,,,,,,
06/26/2025,43.7,45.5,43.0,44.6,148151.0,286.0,,,,,,
06/29/2025,44.2,45.2,44.0,44.1,30072.0,112.0,,,,,,
06/30/2025,44.0,44.8,43.5,43.7,37354.0,104.0,,,,,,
07/02/2025,43.5,44.9,43.5,44.7,70644.0,142.0,,,,,,
07/03/2025,44.5,45.0,44.2,44.3,40329.0,79.0,,,,,,
07/07/2025,44.8,44.8,44.0,44.1,68058.0,135.0,,,,,,
07/08/2025,44.1,44.5,43.7,44.3,86937.0,164.0,,,,,,
07/09/2025,44.4,45.8,44.4,45.6,100965.0,314.0,,,,,,
07/10/2025,45.6,45.7,45.0,45.0,67628.0,164.0,,,,,,
07/13/2025,44.7,45.0,44.3,44.4,78564.0,228.0,,,,,,
07/14/2025,44.4,46.3,44.4,45.9,176323.0,342.0,,,,,,
07/15/2025,46.2,49.0,46.0,48.8,408664.0,774.0,,,,,,
07/16/2025,48.8,50.9,48.0,50.0,418396.0,768.0,,,,,,
07/17/2025,50.0,51.5,48.7,49.0,431691.0,768.0,,,,,,
07/20/2025,49.5,49.5,48.1,48.4,144177.0,334.0,,,,,,
07/21/2025,49.0,49.7,48.3,48.5,235212.0,432.0,,,,,,
07/22/2025,48.5,49.2,48.0,48.4,122027.0,355.0,,,,,,
07/23/2025,48.9,49.0,47.9,48.2,192613.0,306.0,,,,,,
07/24/2025,49.1,50.0,48.0,49.5,398885.0,745.0,,,,,,
07/27/2025,49.5,51.0,48.8,49.6,376444.0,634.0,,,,,,
07/28/2025,49.9,49.9,48.3,48.6,185451.0,379.0,,,,,,
07/29/2025,49.0,49.4,47.3,47.6,146564.0,401.0,,,,,,
07/30/2025,47.3,49.4,47.3,49.2,178187.0,330.0,,,,,,
07/31/2025,49.5,49.9,48.6,48.9,188047.0,363.0,,,,,,
08/03/2025,48.8,49.1,48.5,48.8,109791.0,250.0,,,,,,
08/04/2025,48.8,49.1,47.7,48.0,143227.0,324.0,,,,,,
08/06/2025,49.5,49.5,47.6,47.8,48108.0,177.0,,,,,,
08/07/2025,48.5,48.5,47.2,47.3,61683.0,246.0,,,,,,
08/10/2025,48.2,48.2,47.0,47.1,72056.0,197.0,,,,,,
08/11/2025,46.7,48.6,46.7,47.2,37736.0,137.0,,,,,,
08/12/2025,46.9,47.9,46.9,47.4,51481.0,163.0,,,,,,
08/13/2025,48.0,48.1,47.5,47.7,48465.0,144.0,,,,,,
08/14/2025,47.7,48.3,47.3,47.4,55173.0,171.0,,,,,,
08/17/2025,49.0,49.0,47.0,47.8,55545.0,202.0,,,,,,
08/18/2025,47.7,48.9,47.7,48.6,246231.0,465.0,,,,,,
08/19/2025,48.8,49.0,48.1,48.4,88905.0,223.0,,,,,,
08/20/2025,48.2,50.7,48.1,50.1,358734.0,563.0,,,,,,
08/21/2025,50.2,51.2,48.6,49.3,165924.0,496.0,,,,,,
08/24/2025,49.7,51.0,48.7,49.6,487124.0,757.0,,,,,,
08/25/2025,50.6,52.6,50.2,51.3,716272.0,1051.0,,,,,,
